{
  "timelineObjects" : [ {
    "placeVisit" : {
      "location" : {
        "latitudeE7" : 152702496,
        "longitudeE7" : 739909063,
        "placeId" : "ChIJVYrh8DayvzsRbPgGebcVI6w",
        "address" : "Unnamed Road\nGogol Housing Board\nDavorlim, Goa 403601\nIndia",
        "name" : "Maa Durga Auto Spare Parts",
        "sourceInfo" : {
          "deviceTag" : -1991925423
        },
        "locationConfidence" : 25.311714
      },
      "duration" : {
        "startTimestampMs" : "1593722223206",
        "endTimestampMs" : "1593772370836"
      },
      "placeConfidence" : "LOW_CONFIDENCE",
      "centerLatE7" : 152704019,
      "centerLngE7" : 739907377,
      "visitConfidence" : 87,
      "otherCandidateLocations" : [ {
        "latitudeE7" : 152703372,
        "longitudeE7" : 739912140,
        "placeId" : "ChIJj8BmYGqzvzsRZLyOgiRTEPk",
        "locationConfidence" : 22.811512
      }, {
        "latitudeE7" : 152704744,
        "longitudeE7" : 739894646,
        "placeId" : "ChIJSeWRhTayvzsRhneMXMTe3wA",
        "locationConfidence" : 18.855095
      }, {
        "latitudeE7" : 152697909,
        "longitudeE7" : 739890864,
        "placeId" : "ChIJdSD6gDayvzsRUn9nK6VEFD0",
        "locationConfidence" : 11.069444
      }, {
        "latitudeE7" : 152701520,
        "longitudeE7" : 739913977,
        "placeId" : "ChIJvaXvQ5WzvzsR9dfADDdNEI0",
        "locationConfidence" : 5.3292828
      }, {
        "latitudeE7" : 152713777,
        "longitudeE7" : 739910011,
        "placeId" : "ChIJV6zfwjayvzsR1hNLXwHGsjU",
        "locationConfidence" : 4.073487
      }, {
        "latitudeE7" : 152700250,
        "longitudeE7" : 739907804,
        "placeId" : "ChIJA5rG9MWzvzsRRv_erVcMFV8",
        "locationConfidence" : 3.7080414
      }, {
        "latitudeE7" : 152699422,
        "longitudeE7" : 739908229,
        "placeId" : "ChIJJQdn2FSzvzsRbBtmIOKf2vk",
        "locationConfidence" : 2.6954536
      }, {
        "latitudeE7" : 152700251,
        "longitudeE7" : 739907730,
        "placeId" : "ChIJUx6X9jayvzsR5IH9TkaIe-g",
        "locationConfidence" : 2.4056997
      }, {
        "latitudeE7" : 152707118,
        "longitudeE7" : 739909636,
        "placeId" : "ChIJf2gO7zayvzsRhcDmrr35aGg",
        "locationConfidence" : 1.6918482
      } ],
      "editConfirmationStatus" : "NOT_CONFIRMED"
    }
  }, {
    "placeVisit" : {
      "location" : {
        "latitudeE7" : 152707118,
        "longitudeE7" : 739909636,
        "placeId" : "ChIJf2gO7zayvzsRhcDmrr35aGg",
        "address" : "Gogol Housing Board\nMargao, Goa 403601\nIndia",
        "name" : "Dr. Rakhi Ghodge",
        "sourceInfo" : {
          "deviceTag" : -1991925423
        },
        "locationConfidence" : 31.440723
      },
      "duration" : {
        "startTimestampMs" : "1593772370836",
        "endTimestampMs" : "1593785776823"
      },
      "placeConfidence" : "MEDIUM_CONFIDENCE",
      "centerLatE7" : 152703891,
      "centerLngE7" : 739909304,
      "visitConfidence" : 82,
      "otherCandidateLocations" : [ {
        "latitudeE7" : 152701520,
        "longitudeE7" : 739913977,
        "placeId" : "ChIJvaXvQ5WzvzsR9dfADDdNEI0",
        "locationConfidence" : 16.666851
      }, {
        "latitudeE7" : 152703372,
        "longitudeE7" : 739912140,
        "placeId" : "ChIJj8BmYGqzvzsRZLyOgiRTEPk",
        "locationConfidence" : 14.236153
      }, {
        "latitudeE7" : 152702496,
        "longitudeE7" : 739909063,
        "placeId" : "ChIJVYrh8DayvzsRbPgGebcVI6w",
        "locationConfidence" : 12.601766
      }, {
        "latitudeE7" : 152704744,
        "longitudeE7" : 739894646,
        "placeId" : "ChIJSeWRhTayvzsRhneMXMTe3wA",
        "locationConfidence" : 8.747484
      }, {
        "latitudeE7" : 152697909,
        "longitudeE7" : 739890864,
        "placeId" : "ChIJdSD6gDayvzsRUn9nK6VEFD0",
        "locationConfidence" : 5.6064115
      }, {
        "latitudeE7" : 152697830,
        "longitudeE7" : 739888847,
        "placeId" : "ChIJg0yAKjSyvzsRhuto--Y4wik",
        "locationConfidence" : 3.30822
      }, {
        "latitudeE7" : 152713777,
        "longitudeE7" : 739910011,
        "placeId" : "ChIJV6zfwjayvzsR1hNLXwHGsjU",
        "locationConfidence" : 2.0505836
      }, {
        "latitudeE7" : 152699422,
        "longitudeE7" : 739908229,
        "placeId" : "ChIJJQdn2FSzvzsRbBtmIOKf2vk",
        "locationConfidence" : 1.5222288
      }, {
        "latitudeE7" : 152700251,
        "longitudeE7" : 739907730,
        "placeId" : "ChIJUx6X9jayvzsR5IH9TkaIe-g",
        "locationConfidence" : 1.4330946
      } ],
      "editConfirmationStatus" : "NOT_CONFIRMED"
    }
  }, {
    "activitySegment" : {
      "startLocation" : {
        "latitudeE7" : 152693806,
        "longitudeE7" : 739907193,
        "sourceInfo" : {
          "deviceTag" : -1991925423
        }
      },
      "endLocation" : {
        "latitudeE7" : 152620136,
        "longitudeE7" : 739744808,
        "sourceInfo" : {
          "deviceTag" : -1991925423
        }
      },
      "duration" : {
        "startTimestampMs" : "1593785776823",
        "endTimestampMs" : "1593787737278"
      },
      "distance" : 3484,
      "activityType" : "IN_PASSENGER_VEHICLE",
      "confidence" : "MEDIUM",
      "activities" : [ {
        "activityType" : "IN_PASSENGER_VEHICLE",
        "probability" : 72.06059694290161
      }, {
        "activityType" : "STILL",
        "probability" : 16.211868822574615
      }, {
        "activityType" : "MOTORCYCLING",
        "probability" : 7.385771721601486
      }, {
        "activityType" : "WALKING",
        "probability" : 3.7388212978839874
      }, {
        "activityType" : "CYCLING",
        "probability" : 0.19571955781430006
      }, {
        "activityType" : "IN_BUS",
        "probability" : 0.1535197370685637
      }, {
        "activityType" : "FLYING",
        "probability" : 0.10838584275916219
      }, {
        "activityType" : "RUNNING",
        "probability" : 0.07991052116267383
      }, {
        "activityType" : "IN_FERRY",
        "probability" : 0.04504784592427313
      }, {
        "activityType" : "IN_TRAIN",
        "probability" : 0.008436329517280683
      }, {
        "activityType" : "SAILING",
        "probability" : 0.004628897659131326
      }, {
        "activityType" : "IN_SUBWAY",
        "probability" : 0.00364183506462723
      }, {
        "activityType" : "SKIING",
        "probability" : 0.003455922706052661
      }, {
        "activityType" : "IN_TRAM",
        "probability" : 1.1709159934980562E-4
      }, {
        "activityType" : "IN_VEHICLE",
        "probability" : 7.145731615310069E-5
      } ],
      "waypointPath" : {
        "waypoints" : [ {
          "latE7" : 152703332,
          "lngE7" : 739909515
        }, {
          "latE7" : 152716226,
          "lngE7" : 739786224
        }, {
          "latE7" : 152616806,
          "lngE7" : 739748840
        } ]
      },
      "parkingEvent" : {
        "timestampMs" : "1593787797585",
        "location" : {
          "latitudeE7" : 152716563,
          "longitudeE7" : 739720831,
          "accuracyMetres" : 128
        }
      }
    }
  }, {
    "placeVisit" : {
      "location" : {
        "latitudeE7" : 152623226,
        "longitudeE7" : 739746236,
        "placeId" : "ChIJNUdp-7azvzsRiPY3_zAGr-c",
        "address" : "Sanscar Society\nMargao, Goa 403707",
        "name" : "403707",
        "sourceInfo" : {
          "deviceTag" : -1991925423
        },
        "locationConfidence" : 86.547935
      },
      "duration" : {
        "startTimestampMs" : "1593787737278",
        "endTimestampMs" : "1593791588153"
      },
      "placeConfidence" : "HIGH_CONFIDENCE",
      "centerLatE7" : 152621500,
      "centerLngE7" : 739746233,
      "visitConfidence" : 79,
      "otherCandidateLocations" : [ {
        "latitudeE7" : 152622268,
        "longitudeE7" : 739725231,
        "placeId" : "ChIJxedldgizvzsRWfnD55ffCNY",
        "locationConfidence" : 2.6805143
      }, {
        "latitudeE7" : 152631131,
        "longitudeE7" : 739759596,
        "placeId" : "ChIJy2vsFKKzvzsRdebuDfs3qcg",
        "locationConfidence" : 2.3024492
      }, {
        "latitudeE7" : 152612031,
        "longitudeE7" : 739754658,
        "placeId" : "ChIJ0-SoiJGzvzsRr2iV0hMn2tg",
        "locationConfidence" : 2.2636175
      }, {
        "latitudeE7" : 152608060,
        "longitudeE7" : 739744240,
        "placeId" : "ChIJI2bW2bazvzsRkaY7_tTx_ZY",
        "locationConfidence" : 1.4238881
      }, {
        "latitudeE7" : 152635119,
        "longitudeE7" : 739748690,
        "placeId" : "ChIJGwzAUVyzvzsR9YVcSYsoA5w",
        "locationConfidence" : 1.2031852
      }, {
        "latitudeE7" : 152635374,
        "longitudeE7" : 739753092,
        "placeId" : "ChIJLxffef2zvzsRaFOpVShh4eQ",
        "locationConfidence" : 0.93167466
      }, {
        "latitudeE7" : 152630607,
        "longitudeE7" : 739759761,
        "placeId" : "ChIJA5vOB56zvzsRBMBpjvUcytk",
        "locationConfidence" : 0.8620609
      }, {
        "latitudeE7" : 152644907,
        "longitudeE7" : 739762678,
        "placeId" : "ChIJXfqxErazvzsRHMTgg1fVj6U",
        "locationConfidence" : 0.5949006
      }, {
        "latitudeE7" : 152640273,
        "longitudeE7" : 739734330,
        "placeId" : "ChIJbZvG9I6zvzsRxJI6s9XRjrU",
        "locationConfidence" : 0.48048115
      } ],
      "editConfirmationStatus" : "NOT_CONFIRMED"
    }
  }, {
    "activitySegment" : {
      "startLocation" : {
        "latitudeE7" : 152620427,
        "longitudeE7" : 739747383,
        "sourceInfo" : {
          "deviceTag" : -1991925423
        }
      },
      "endLocation" : {
        "latitudeE7" : 152703590,
        "longitudeE7" : 739910010,
        "sourceInfo" : {
          "deviceTag" : -1991925423
        }
      },
      "duration" : {
        "startTimestampMs" : "1593791588153",
        "endTimestampMs" : "1593793535696"
      },
      "distance" : 2054,
      "activityType" : "IN_PASSENGER_VEHICLE",
      "confidence" : "HIGH",
      "activities" : [ {
        "activityType" : "IN_PASSENGER_VEHICLE",
        "probability" : 80.04612922668457
      }, {
        "activityType" : "MOTORCYCLING",
        "probability" : 8.702478557825089
      }, {
        "activityType" : "STILL",
        "probability" : 7.472293823957443
      }, {
        "activityType" : "WALKING",
        "probability" : 3.195113316178322
      }, {
        "activityType" : "CYCLING",
        "probability" : 0.19804236944764853
      }, {
        "activityType" : "FLYING",
        "probability" : 0.1318637514486909
      }, {
        "activityType" : "RUNNING",
        "probability" : 0.10060733184218407
      }, {
        "activityType" : "IN_BUS",
        "probability" : 0.08229350787587464
      }, {
        "activityType" : "IN_FERRY",
        "probability" : 0.05403665127232671
      }, {
        "activityType" : "IN_TRAIN",
        "probability" : 0.006706774001941085
      }, {
        "activityType" : "SAILING",
        "probability" : 0.004838248059968464
      }, {
        "activityType" : "SKIING",
        "probability" : 0.003471196032478474
      }, {
        "activityType" : "IN_SUBWAY",
        "probability" : 0.0020155728634563275
      }, {
        "activityType" : "IN_TRAM",
        "probability" : 6.223882564881933E-5
      }, {
        "activityType" : "IN_VEHICLE",
        "probability" : 4.7331644736914313E-5
      } ],
      "waypointPath" : {
        "waypoints" : [ {
          "latE7" : 152617988,
          "lngE7" : 739749984
        }, {
          "latE7" : 152700767,
          "lngE7" : 739878692
        }, {
          "latE7" : 152703580,
          "lngE7" : 739909439
        } ]
      },
      "parkingEvent" : {
        "timestampMs" : "1593793563484",
        "location" : {
          "latitudeE7" : 152703384,
          "longitudeE7" : 739892172,
          "accuracyMetres" : 78
        }
      }
    }
  }, {
    "placeVisit" : {
      "location" : {
        "latitudeE7" : 152702496,
        "longitudeE7" : 739909063,
        "placeId" : "ChIJVYrh8DayvzsRbPgGebcVI6w",
        "address" : "Unnamed Road\nGogol Housing Board\nDavorlim, Goa 403601\nIndia",
        "name" : "Maa Durga Auto Spare Parts",
        "sourceInfo" : {
          "deviceTag" : -1991925423
        },
        "locationConfidence" : 28.681292
      },
      "duration" : {
        "startTimestampMs" : "1593793535696",
        "endTimestampMs" : "1593851534129"
      },
      "placeConfidence" : "MEDIUM_CONFIDENCE",
      "centerLatE7" : 152703347,
      "centerLngE7" : 739909812,
      "visitConfidence" : 90,
      "otherCandidateLocations" : [ {
        "latitudeE7" : 152703372,
        "longitudeE7" : 739912140,
        "placeId" : "ChIJj8BmYGqzvzsRZLyOgiRTEPk",
        "locationConfidence" : 26.73676
      }, {
        "latitudeE7" : 152701520,
        "longitudeE7" : 739913977,
        "placeId" : "ChIJvaXvQ5WzvzsR9dfADDdNEI0",
        "locationConfidence" : 14.322154
      }, {
        "latitudeE7" : 152704744,
        "longitudeE7" : 739894646,
        "placeId" : "ChIJSeWRhTayvzsRhneMXMTe3wA",
        "locationConfidence" : 10.791507
      }, {
        "latitudeE7" : 152707118,
        "longitudeE7" : 739909636,
        "placeId" : "ChIJf2gO7zayvzsRhcDmrr35aGg",
        "locationConfidence" : 9.391094
      }, {
        "latitudeE7" : 152700250,
        "longitudeE7" : 739907804,
        "placeId" : "ChIJA5rG9MWzvzsRRv_erVcMFV8",
        "locationConfidence" : 2.3503644
      }, {
        "latitudeE7" : 152713777,
        "longitudeE7" : 739910011,
        "placeId" : "ChIJV6zfwjayvzsR1hNLXwHGsjU",
        "locationConfidence" : 2.2833018
      }, {
        "latitudeE7" : 152699422,
        "longitudeE7" : 739908229,
        "placeId" : "ChIJJQdn2FSzvzsRbBtmIOKf2vk",
        "locationConfidence" : 1.6519833
      }, {
        "latitudeE7" : 152698511,
        "longitudeE7" : 739918181,
        "placeId" : "ChIJAQAAADeyvzsRNyJSBIk9fnE",
        "locationConfidence" : 1.3317016
      }, {
        "latitudeE7" : 152700251,
        "longitudeE7" : 739907730,
        "placeId" : "ChIJUx6X9jayvzsR5IH9TkaIe-g",
        "locationConfidence" : 1.2810508
      } ],
      "editConfirmationStatus" : "NOT_CONFIRMED"
    }
  }, {
    "placeVisit" : {
      "location" : {
        "latitudeE7" : 152707118,
        "longitudeE7" : 739909636,
        "placeId" : "ChIJf2gO7zayvzsRhcDmrr35aGg",
        "address" : "Gogol Housing Board\nMargao, Goa 403601\nIndia",
        "name" : "Dr. Rakhi Ghodge",
        "sourceInfo" : {
          "deviceTag" : -1991925423
        },
        "locationConfidence" : 29.466358
      },
      "duration" : {
        "startTimestampMs" : "1593851534129",
        "endTimestampMs" : "1593892411854"
      },
      "placeConfidence" : "MEDIUM_CONFIDENCE",
      "centerLatE7" : 152711350,
      "centerLngE7" : 739892433,
      "visitConfidence" : 78,
      "otherCandidateLocations" : [ {
        "latitudeE7" : 152704744,
        "longitudeE7" : 739894646,
        "placeId" : "ChIJSeWRhTayvzsRhneMXMTe3wA",
        "locationConfidence" : 25.238934
      }, {
        "latitudeE7" : 152697909,
        "longitudeE7" : 739890864,
        "placeId" : "ChIJdSD6gDayvzsRUn9nK6VEFD0",
        "locationConfidence" : 14.027146
      }, {
        "latitudeE7" : 152703372,
        "longitudeE7" : 739912140,
        "placeId" : "ChIJj8BmYGqzvzsRZLyOgiRTEPk",
        "locationConfidence" : 9.472167
      }, {
        "latitudeE7" : 152701520,
        "longitudeE7" : 739913977,
        "placeId" : "ChIJvaXvQ5WzvzsR9dfADDdNEI0",
        "locationConfidence" : 4.944544
      }, {
        "latitudeE7" : 152710391,
        "longitudeE7" : 739889751,
        "placeId" : "ChIJAQAAADeyvzsR0b5NK-BZXWQ",
        "locationConfidence" : 4.9386387
      }, {
        "latitudeE7" : 152697830,
        "longitudeE7" : 739888847,
        "placeId" : "ChIJg0yAKjSyvzsRhuto--Y4wik",
        "locationConfidence" : 4.5700517
      }, {
        "latitudeE7" : 152713777,
        "longitudeE7" : 739910011,
        "placeId" : "ChIJV6zfwjayvzsR1hNLXwHGsjU",
        "locationConfidence" : 2.4454308
      }, {
        "latitudeE7" : 152702496,
        "longitudeE7" : 739909063,
        "placeId" : "ChIJVYrh8DayvzsRbPgGebcVI6w",
        "locationConfidence" : 1.6658888
      }, {
        "latitudeE7" : 152713015,
        "longitudeE7" : 739898362,
        "placeId" : "ChIJTUp8WFyzvzsRu-U8WGlHPzI",
        "locationConfidence" : 1.2899659
      } ],
      "editConfirmationStatus" : "NOT_CONFIRMED"
    }
  }, {
    "placeVisit" : {
      "location" : {
        "latitudeE7" : 152703371,
        "longitudeE7" : 739909515,
        "placeId" : "ChIJt1qHjDayvzsRDitzGcBHV0Y",
        "address" : "Shop No. - 1, Tolleaband , Next to Indian overseas bank\nmargao, Davorlim Rd\nGogol Housing Board\nDavorlim, Goa 403601\nIndia",
        "name" : "Elite Beauty Salon",
        "sourceInfo" : {
          "deviceTag" : -1991925423
        },
        "locationConfidence" : 66.74414
      },
      "duration" : {
        "startTimestampMs" : "1593892411854",
        "endTimestampMs" : "1594232932765"
      },
      "placeConfidence" : "HIGH_CONFIDENCE",
      "centerLatE7" : 152710825,
      "centerLngE7" : 739893350,
      "visitConfidence" : 86,
      "otherCandidateLocations" : [ {
        "latitudeE7" : 152704744,
        "longitudeE7" : 739894646,
        "placeId" : "ChIJSeWRhTayvzsRhneMXMTe3wA",
        "locationConfidence" : 12.671983
      }, {
        "latitudeE7" : 152703372,
        "longitudeE7" : 739912140,
        "placeId" : "ChIJj8BmYGqzvzsRZLyOgiRTEPk",
        "locationConfidence" : 7.3782196
      }, {
        "latitudeE7" : 152707118,
        "longitudeE7" : 739909636,
        "placeId" : "ChIJf2gO7zayvzsRhcDmrr35aGg",
        "locationConfidence" : 5.2984924
      }, {
        "latitudeE7" : 152710391,
        "longitudeE7" : 739889751,
        "placeId" : "ChIJAQAAADeyvzsR0b5NK-BZXWQ",
        "locationConfidence" : 1.8192581
      }, {
        "latitudeE7" : 152713777,
        "longitudeE7" : 739910011,
        "placeId" : "ChIJV6zfwjayvzsR1hNLXwHGsjU",
        "locationConfidence" : 1.2285621
      }, {
        "latitudeE7" : 152702496,
        "longitudeE7" : 739909063,
        "placeId" : "ChIJVYrh8DayvzsRbPgGebcVI6w",
        "locationConfidence" : 1.2041299
      }, {
        "latitudeE7" : 152689959,
        "longitudeE7" : 739893704,
        "placeId" : "ChIJdwhxejayvzsRR3ns6IufYek",
        "locationConfidence" : 1.1506698
      }, {
        "latitudeE7" : 152713015,
        "longitudeE7" : 739898362,
        "placeId" : "ChIJTUp8WFyzvzsRu-U8WGlHPzI",
        "locationConfidence" : 0.94428325
      }, {
        "latitudeE7" : 152721743,
        "longitudeE7" : 739899429,
        "placeId" : "ChIJacnzQXuzvzsRI-yA6Y6HsA8",
        "locationConfidence" : 0.5692886
      } ],
      "editConfirmationStatus" : "NOT_CONFIRMED"
    }
  }, {
    "placeVisit" : {
      "location" : {
        "latitudeE7" : 152703268,
        "longitudeE7" : 739907391,
        "placeId" : "ChIJ_Uae8TayvzsRkjLr6fmz7WU",
        "address" : "Gogol Housing Board\nMargao, Goa 403601",
        "name" : "403601",
        "sourceInfo" : {
          "deviceTag" : -1991925423
        },
        "locationConfidence" : 41.911762
      },
      "duration" : {
        "startTimestampMs" : "1594232932765",
        "endTimestampMs" : "1594288590147"
      },
      "placeConfidence" : "MEDIUM_CONFIDENCE",
      "centerLatE7" : 152703851,
      "centerLngE7" : 739908750,
      "visitConfidence" : 90,
      "otherCandidateLocations" : [ {
        "latitudeE7" : 152703371,
        "longitudeE7" : 739909515,
        "placeId" : "ChIJt1qHjDayvzsRDitzGcBHV0Y",
        "name" : "Elite Beauty Salon",
        "locationConfidence" : 41.313934
      }, {
        "latitudeE7" : 152702496,
        "longitudeE7" : 739909063,
        "placeId" : "ChIJVYrh8DayvzsRbPgGebcVI6w",
        "locationConfidence" : 5.592805
      }, {
        "latitudeE7" : 152703372,
        "longitudeE7" : 739912140,
        "placeId" : "ChIJj8BmYGqzvzsRZLyOgiRTEPk",
        "locationConfidence" : 4.961057
      }, {
        "latitudeE7" : 152704744,
        "longitudeE7" : 739894646,
        "placeId" : "ChIJSeWRhTayvzsRhneMXMTe3wA",
        "locationConfidence" : 1.4909098
      }, {
        "latitudeE7" : 152701520,
        "longitudeE7" : 739913977,
        "placeId" : "ChIJvaXvQ5WzvzsR9dfADDdNEI0",
        "locationConfidence" : 1.4654393
      }, {
        "latitudeE7" : 152707118,
        "longitudeE7" : 739909636,
        "placeId" : "ChIJf2gO7zayvzsRhcDmrr35aGg",
        "locationConfidence" : 0.98351306
      }, {
        "latitudeE7" : 152713777,
        "longitudeE7" : 739910011,
        "placeId" : "ChIJV6zfwjayvzsR1hNLXwHGsjU",
        "locationConfidence" : 0.59160644
      }, {
        "latitudeE7" : 152700251,
        "longitudeE7" : 739907730,
        "placeId" : "ChIJUx6X9jayvzsR5IH9TkaIe-g",
        "locationConfidence" : 0.53512955
      }, {
        "latitudeE7" : 152700250,
        "longitudeE7" : 739907804,
        "placeId" : "ChIJA5rG9MWzvzsRRv_erVcMFV8",
        "locationConfidence" : 0.50258255
      } ],
      "editConfirmationStatus" : "NOT_CONFIRMED"
    }
  }, {
    "placeVisit" : {
      "location" : {
        "latitudeE7" : 152703371,
        "longitudeE7" : 739909515,
        "placeId" : "ChIJt1qHjDayvzsRDitzGcBHV0Y",
        "address" : "Shop No. - 1, Tolleaband , Next to Indian overseas bank\nmargao, Davorlim Rd\nGogol Housing Board\nDavorlim, Goa 403601\nIndia",
        "name" : "Elite Beauty Salon",
        "sourceInfo" : {
          "deviceTag" : -1991925423
        },
        "locationConfidence" : 53.09297
      },
      "duration" : {
        "startTimestampMs" : "1594288590147",
        "endTimestampMs" : "1594584178933"
      },
      "placeConfidence" : "MEDIUM_CONFIDENCE",
      "centerLatE7" : 152703189,
      "centerLngE7" : 739909669,
      "visitConfidence" : 83,
      "otherCandidateLocations" : [ {
        "latitudeE7" : 152703199,
        "longitudeE7" : 739909897,
        "placeId" : "ChIJ_Uae8TayvzsRkjLr6fmz7WU",
        "locationConfidence" : 29.868671
      }, {
        "latitudeE7" : 152702496,
        "longitudeE7" : 739909063,
        "placeId" : "ChIJVYrh8DayvzsRbPgGebcVI6w",
        "locationConfidence" : 6.209709
      }, {
        "latitudeE7" : 152703372,
        "longitudeE7" : 739912140,
        "placeId" : "ChIJj8BmYGqzvzsRZLyOgiRTEPk",
        "locationConfidence" : 4.310343
      }, {
        "latitudeE7" : 152701520,
        "longitudeE7" : 739913977,
        "placeId" : "ChIJvaXvQ5WzvzsR9dfADDdNEI0",
        "locationConfidence" : 2.706571
      }, {
        "latitudeE7" : 152704744,
        "longitudeE7" : 739894646,
        "placeId" : "ChIJSeWRhTayvzsRhneMXMTe3wA",
        "locationConfidence" : 0.95509964
      }, {
        "latitudeE7" : 152707118,
        "longitudeE7" : 739909636,
        "placeId" : "ChIJf2gO7zayvzsRhcDmrr35aGg",
        "locationConfidence" : 0.8489726
      }, {
        "latitudeE7" : 152713777,
        "longitudeE7" : 739910011,
        "placeId" : "ChIJV6zfwjayvzsR1hNLXwHGsjU",
        "locationConfidence" : 0.45936096
      } ],
      "editConfirmationStatus" : "NOT_CONFIRMED"
    }
  }, {
    "placeVisit" : {
      "location" : {
        "latitudeE7" : 152703268,
        "longitudeE7" : 739907391,
        "placeId" : "ChIJ_Uae8TayvzsRkjLr6fmz7WU",
        "address" : "Gogol Housing Board\nMargao, Goa 403601",
        "name" : "403601",
        "sourceInfo" : {
          "deviceTag" : -1991925423
        },
        "locationConfidence" : 45.04102
      },
      "duration" : {
        "startTimestampMs" : "1594584178933",
        "endTimestampMs" : "1594617312805"
      },
      "placeConfidence" : "MEDIUM_CONFIDENCE",
      "centerLatE7" : 152705065,
      "centerLngE7" : 739906776,
      "visitConfidence" : 79,
      "otherCandidateLocations" : [ {
        "latitudeE7" : 152703371,
        "longitudeE7" : 739909515,
        "placeId" : "ChIJt1qHjDayvzsRDitzGcBHV0Y",
        "name" : "Elite Beauty Salon",
        "locationConfidence" : 42.63888
      }, {
        "latitudeE7" : 152703372,
        "longitudeE7" : 739912140,
        "placeId" : "ChIJj8BmYGqzvzsRZLyOgiRTEPk",
        "locationConfidence" : 4.6506195
      }, {
        "latitudeE7" : 152704744,
        "longitudeE7" : 739894646,
        "placeId" : "ChIJSeWRhTayvzsRhneMXMTe3wA",
        "locationConfidence" : 2.1314628
      }, {
        "latitudeE7" : 152702496,
        "longitudeE7" : 739909063,
        "placeId" : "ChIJVYrh8DayvzsRbPgGebcVI6w",
        "locationConfidence" : 1.6743084
      }, {
        "latitudeE7" : 152707118,
        "longitudeE7" : 739909636,
        "placeId" : "ChIJf2gO7zayvzsRhcDmrr35aGg",
        "locationConfidence" : 0.83922017
      }, {
        "latitudeE7" : 152713777,
        "longitudeE7" : 739910011,
        "placeId" : "ChIJV6zfwjayvzsR1hNLXwHGsjU",
        "locationConfidence" : 0.7115468
      }, {
        "latitudeE7" : 152701520,
        "longitudeE7" : 739913977,
        "placeId" : "ChIJvaXvQ5WzvzsR9dfADDdNEI0",
        "locationConfidence" : 0.6461495
      } ],
      "editConfirmationStatus" : "NOT_CONFIRMED"
    }
  }, {
    "placeVisit" : {
      "location" : {
        "latitudeE7" : 152703371,
        "longitudeE7" : 739909515,
        "placeId" : "ChIJt1qHjDayvzsRDitzGcBHV0Y",
        "address" : "Shop No. - 1, Tolleaband , Next to Indian overseas bank\nmargao, Davorlim Rd\nGogol Housing Board\nDavorlim, Goa 403601\nIndia",
        "name" : "Elite Beauty Salon",
        "sourceInfo" : {
          "deviceTag" : -1991925423
        },
        "locationConfidence" : 53.375237
      },
      "duration" : {
        "startTimestampMs" : "1594617312805",
        "endTimestampMs" : "1594840641120"
      },
      "placeConfidence" : "MEDIUM_CONFIDENCE",
      "centerLatE7" : 152703595,
      "centerLngE7" : 739909638,
      "visitConfidence" : 82,
      "otherCandidateLocations" : [ {
        "latitudeE7" : 152703199,
        "longitudeE7" : 739909897,
        "placeId" : "ChIJ_Uae8TayvzsRkjLr6fmz7WU",
        "locationConfidence" : 33.70973
      }, {
        "latitudeE7" : 152702496,
        "longitudeE7" : 739909063,
        "placeId" : "ChIJVYrh8DayvzsRbPgGebcVI6w",
        "locationConfidence" : 4.2170486
      }, {
        "latitudeE7" : 152703372,
        "longitudeE7" : 739912140,
        "placeId" : "ChIJj8BmYGqzvzsRZLyOgiRTEPk",
        "locationConfidence" : 3.1788192
      }, {
        "latitudeE7" : 152701520,
        "longitudeE7" : 739913977,
        "placeId" : "ChIJvaXvQ5WzvzsR9dfADDdNEI0",
        "locationConfidence" : 1.7398511
      }, {
        "latitudeE7" : 152707118,
        "longitudeE7" : 739909636,
        "placeId" : "ChIJf2gO7zayvzsRhcDmrr35aGg",
        "locationConfidence" : 1.5006495
      }, {
        "latitudeE7" : 152704744,
        "longitudeE7" : 739894646,
        "placeId" : "ChIJSeWRhTayvzsRhneMXMTe3wA",
        "locationConfidence" : 0.7167451
      }, {
        "latitudeE7" : 152697909,
        "longitudeE7" : 739890864,
        "placeId" : "ChIJdSD6gDayvzsRUn9nK6VEFD0",
        "locationConfidence" : 0.56344974
      } ],
      "editConfirmationStatus" : "NOT_CONFIRMED"
    }
  }, {
    "placeVisit" : {
      "location" : {
        "latitudeE7" : 152703268,
        "longitudeE7" : 739907391,
        "placeId" : "ChIJ_Uae8TayvzsRkjLr6fmz7WU",
        "address" : "Gogol Housing Board\nMargao, Goa 403601",
        "name" : "403601",
        "sourceInfo" : {
          "deviceTag" : -1991925423
        },
        "locationConfidence" : 45.005505
      },
      "duration" : {
        "startTimestampMs" : "1594840641120",
        "endTimestampMs" : "1594876468599"
      },
      "placeConfidence" : "MEDIUM_CONFIDENCE",
      "centerLatE7" : 152705017,
      "centerLngE7" : 739907130,
      "visitConfidence" : 80,
      "otherCandidateLocations" : [ {
        "latitudeE7" : 152703371,
        "longitudeE7" : 739909515,
        "placeId" : "ChIJt1qHjDayvzsRDitzGcBHV0Y",
        "name" : "Elite Beauty Salon",
        "locationConfidence" : 42.139256
      }, {
        "latitudeE7" : 152703372,
        "longitudeE7" : 739912140,
        "placeId" : "ChIJj8BmYGqzvzsRZLyOgiRTEPk",
        "locationConfidence" : 4.814725
      }, {
        "latitudeE7" : 152704744,
        "longitudeE7" : 739894646,
        "placeId" : "ChIJSeWRhTayvzsRhneMXMTe3wA",
        "locationConfidence" : 2.0445015
      }, {
        "latitudeE7" : 152702496,
        "longitudeE7" : 739909063,
        "placeId" : "ChIJVYrh8DayvzsRbPgGebcVI6w",
        "locationConfidence" : 1.7565614
      }, {
        "latitudeE7" : 152718752,
        "longitudeE7" : 739922433,
        "placeId" : "ChIJaYQpKjeyvzsR3oZWIgLTRp8",
        "locationConfidence" : 1.6304113
      }, {
        "latitudeE7" : 152713777,
        "longitudeE7" : 739910011,
        "placeId" : "ChIJV6zfwjayvzsR1hNLXwHGsjU",
        "locationConfidence" : 0.7153584
      }, {
        "latitudeE7" : 152701520,
        "longitudeE7" : 739913977,
        "placeId" : "ChIJvaXvQ5WzvzsR9dfADDdNEI0",
        "locationConfidence" : 0.5429317
      } ],
      "editConfirmationStatus" : "NOT_CONFIRMED"
    }
  }, {
    "placeVisit" : {
      "location" : {
        "latitudeE7" : 152703371,
        "longitudeE7" : 739909515,
        "placeId" : "ChIJt1qHjDayvzsRDitzGcBHV0Y",
        "address" : "Shop No. - 1, Tolleaband , Next to Indian overseas bank\nmargao, Davorlim Rd\nGogol Housing Board\nDavorlim, Goa 403601\nIndia",
        "name" : "Elite Beauty Salon",
        "sourceInfo" : {
          "deviceTag" : -1991925423
        },
        "locationConfidence" : 52.751606
      },
      "duration" : {
        "startTimestampMs" : "1594876468599",
        "endTimestampMs" : "1595446812032"
      },
      "placeConfidence" : "MEDIUM_CONFIDENCE",
      "centerLatE7" : 152703833,
      "centerLngE7" : 739908870,
      "visitConfidence" : 75,
      "otherCandidateLocations" : [ {
        "latitudeE7" : 152703199,
        "longitudeE7" : 739909897,
        "placeId" : "ChIJ_Uae8TayvzsRkjLr6fmz7WU",
        "locationConfidence" : 29.540628
      }, {
        "latitudeE7" : 152707118,
        "longitudeE7" : 739909636,
        "placeId" : "ChIJf2gO7zayvzsRhcDmrr35aGg",
        "locationConfidence" : 6.7842402
      }, {
        "latitudeE7" : 152702496,
        "longitudeE7" : 739909063,
        "placeId" : "ChIJVYrh8DayvzsRbPgGebcVI6w",
        "locationConfidence" : 3.03938
      }, {
        "latitudeE7" : 152703372,
        "longitudeE7" : 739912140,
        "placeId" : "ChIJj8BmYGqzvzsRZLyOgiRTEPk",
        "locationConfidence" : 2.0704517
      }, {
        "latitudeE7" : 152701520,
        "longitudeE7" : 739913977,
        "placeId" : "ChIJvaXvQ5WzvzsR9dfADDdNEI0",
        "locationConfidence" : 1.9776181
      }, {
        "latitudeE7" : 152697830,
        "longitudeE7" : 739888847,
        "placeId" : "ChIJg0yAKjSyvzsRhuto--Y4wik",
        "locationConfidence" : 0.7591725
      }, {
        "latitudeE7" : 152697909,
        "longitudeE7" : 739890864,
        "placeId" : "ChIJdSD6gDayvzsRUn9nK6VEFD0",
        "locationConfidence" : 0.7451657
      }, {
        "latitudeE7" : 152704744,
        "longitudeE7" : 739894646,
        "placeId" : "ChIJSeWRhTayvzsRhneMXMTe3wA",
        "locationConfidence" : 0.7269106
      }, {
        "latitudeE7" : 152718752,
        "longitudeE7" : 739922433,
        "placeId" : "ChIJaYQpKjeyvzsR3oZWIgLTRp8",
        "locationConfidence" : 0.6263797
      } ],
      "editConfirmationStatus" : "NOT_CONFIRMED"
    }
  }, {
    "placeVisit" : {
      "location" : {
        "latitudeE7" : 152703268,
        "longitudeE7" : 739907391,
        "placeId" : "ChIJ_Uae8TayvzsRkjLr6fmz7WU",
        "address" : "Gogol Housing Board\nMargao, Goa 403601",
        "name" : "403601",
        "sourceInfo" : {
          "deviceTag" : -1991925423
        },
        "locationConfidence" : 52.37212
      },
      "duration" : {
        "startTimestampMs" : "1595446812032",
        "endTimestampMs" : "1595581352677"
      },
      "placeConfidence" : "MEDIUM_CONFIDENCE",
      "centerLatE7" : 152704225,
      "centerLngE7" : 739909999,
      "visitConfidence" : 72,
      "otherCandidateLocations" : [ {
        "latitudeE7" : 152707118,
        "longitudeE7" : 739909636,
        "placeId" : "ChIJf2gO7zayvzsRhcDmrr35aGg",
        "locationConfidence" : 12.772731
      }, {
        "latitudeE7" : 152702496,
        "longitudeE7" : 739909063,
        "placeId" : "ChIJVYrh8DayvzsRbPgGebcVI6w",
        "locationConfidence" : 8.745733
      }, {
        "latitudeE7" : 152703372,
        "longitudeE7" : 739912140,
        "placeId" : "ChIJj8BmYGqzvzsRZLyOgiRTEPk",
        "locationConfidence" : 7.7455015
      }, {
        "latitudeE7" : 152713461,
        "longitudeE7" : 739887161,
        "placeId" : "ChIJt_eBoDayvzsRoUF20xOHBpk",
        "locationConfidence" : 6.7877297
      }, {
        "latitudeE7" : 152701520,
        "longitudeE7" : 739913977,
        "placeId" : "ChIJvaXvQ5WzvzsR9dfADDdNEI0",
        "locationConfidence" : 3.6731198
      }, {
        "latitudeE7" : 152704744,
        "longitudeE7" : 739894646,
        "placeId" : "ChIJSeWRhTayvzsRhneMXMTe3wA",
        "locationConfidence" : 2.023216
      }, {
        "latitudeE7" : 152718752,
        "longitudeE7" : 739922433,
        "placeId" : "ChIJaYQpKjeyvzsR3oZWIgLTRp8",
        "locationConfidence" : 1.829576
      }, {
        "latitudeE7" : 152713777,
        "longitudeE7" : 739910011,
        "placeId" : "ChIJV6zfwjayvzsR1hNLXwHGsjU",
        "locationConfidence" : 1.587621
      }, {
        "latitudeE7" : 152699422,
        "longitudeE7" : 739908229,
        "placeId" : "ChIJJQdn2FSzvzsRbBtmIOKf2vk",
        "locationConfidence" : 1.1016039
      } ],
      "editConfirmationStatus" : "NOT_CONFIRMED"
    }
  }, {
    "placeVisit" : {
      "location" : {
        "latitudeE7" : 152707118,
        "longitudeE7" : 739909636,
        "placeId" : "ChIJf2gO7zayvzsRhcDmrr35aGg",
        "address" : "Gogol Housing Board\nMargao, Goa 403601\nIndia",
        "name" : "Dr. Rakhi Ghodge",
        "sourceInfo" : {
          "deviceTag" : -1991925423
        },
        "locationConfidence" : 33.622345
      },
      "duration" : {
        "startTimestampMs" : "1595581352677",
        "endTimestampMs" : "1595581594694"
      },
      "placeConfidence" : "LOW_CONFIDENCE",
      "centerLatE7" : 152703260,
      "centerLngE7" : 739909679,
      "visitConfidence" : 86,
      "otherCandidateLocations" : [ {
        "latitudeE7" : 152703199,
        "longitudeE7" : 739909897,
        "placeId" : "ChIJ_Uae8TayvzsRkjLr6fmz7WU",
        "locationConfidence" : 28.003174
      }, {
        "latitudeE7" : 152702496,
        "longitudeE7" : 739909063,
        "placeId" : "ChIJVYrh8DayvzsRbPgGebcVI6w",
        "locationConfidence" : 17.601433
      }, {
        "latitudeE7" : 152703372,
        "longitudeE7" : 739912140,
        "placeId" : "ChIJj8BmYGqzvzsRZLyOgiRTEPk",
        "locationConfidence" : 4.3139586
      }, {
        "latitudeE7" : 152701520,
        "longitudeE7" : 739913977,
        "placeId" : "ChIJvaXvQ5WzvzsR9dfADDdNEI0",
        "locationConfidence" : 4.2236295
      }, {
        "latitudeE7" : 152713461,
        "longitudeE7" : 739887161,
        "placeId" : "ChIJt_eBoDayvzsRoUF20xOHBpk",
        "locationConfidence" : 3.9868982
      }, {
        "latitudeE7" : 152697830,
        "longitudeE7" : 739888847,
        "placeId" : "ChIJg0yAKjSyvzsRhuto--Y4wik",
        "locationConfidence" : 2.9268842
      }, {
        "latitudeE7" : 152697909,
        "longitudeE7" : 739890864,
        "placeId" : "ChIJdSD6gDayvzsRUn9nK6VEFD0",
        "locationConfidence" : 2.3443618
      }, {
        "latitudeE7" : 152699422,
        "longitudeE7" : 739908229,
        "placeId" : "ChIJJQdn2FSzvzsRbBtmIOKf2vk",
        "locationConfidence" : 1.2799994
      }, {
        "latitudeE7" : 152718752,
        "longitudeE7" : 739922433,
        "placeId" : "ChIJaYQpKjeyvzsR3oZWIgLTRp8",
        "locationConfidence" : 0.8109051
      } ],
      "editConfirmationStatus" : "NOT_CONFIRMED"
    }
  }, {
    "activitySegment" : {
      "startLocation" : {
        "latitudeE7" : 152703203,
        "longitudeE7" : 739910775,
        "sourceInfo" : {
          "deviceTag" : -1991925423
        }
      },
      "endLocation" : {
        "latitudeE7" : 152620427,
        "longitudeE7" : 739747383,
        "sourceInfo" : {
          "deviceTag" : -1991925423
        }
      },
      "duration" : {
        "startTimestampMs" : "1595581594694",
        "endTimestampMs" : "1595581959132"
      },
      "distance" : 1979,
      "activityType" : "IN_PASSENGER_VEHICLE",
      "confidence" : "LOW",
      "activities" : [ {
        "activityType" : "IN_PASSENGER_VEHICLE",
        "probability" : 53.550100326538086
      }, {
        "activityType" : "MOTORCYCLING",
        "probability" : 35.174763202667236
      }, {
        "activityType" : "WALKING",
        "probability" : 6.6380999982357025
      }, {
        "activityType" : "STILL",
        "probability" : 1.9451644271612167
      }, {
        "activityType" : "CYCLING",
        "probability" : 1.5488922595977783
      }, {
        "activityType" : "RUNNING",
        "probability" : 0.3621416864916682
      }, {
        "activityType" : "IN_BUS",
        "probability" : 0.288740498945117
      }, {
        "activityType" : "IN_FERRY",
        "probability" : 0.23903469555079937
      }, {
        "activityType" : "FLYING",
        "probability" : 0.18497754354029894
      }, {
        "activityType" : "IN_TRAIN",
        "probability" : 0.04309001669753343
      }, {
        "activityType" : "SAILING",
        "probability" : 0.011192689271410927
      }, {
        "activityType" : "IN_SUBWAY",
        "probability" : 0.009791089541977271
      }, {
        "activityType" : "SKIING",
        "probability" : 0.0037641100789187476
      }, {
        "activityType" : "IN_VEHICLE",
        "probability" : 1.354967821498576E-4
      }, {
        "activityType" : "IN_TRAM",
        "probability" : 1.2170469290140318E-4
      } ],
      "waypointPath" : {
        "waypoints" : [ {
          "latE7" : 152703170,
          "lngE7" : 739909515
        }, {
          "latE7" : 152716283,
          "lngE7" : 739787139
        }, {
          "latE7" : 152617988,
          "lngE7" : 739749984
        } ]
      },
      "parkingEvent" : {
        "timestampMs" : "1595581959132",
        "location" : {
          "latitudeE7" : 152620427,
          "longitudeE7" : 739747383,
          "accuracyMetres" : 160,
          "sourceInfo" : {
            "deviceTag" : -1991925423
          }
        }
      }
    }
  }, {
    "placeVisit" : {
      "location" : {
        "latitudeE7" : 152624832,
        "longitudeE7" : 739743940,
        "placeId" : "ChIJjco2_LazvzsRqkM2u1ayngU",
        "address" : "Sanscar Society\nMargao, Goa 403707",
        "name" : "403707",
        "sourceInfo" : {
          "deviceTag" : -1991925423
        },
        "locationConfidence" : 47.133354
      },
      "duration" : {
        "startTimestampMs" : "1595581959132",
        "endTimestampMs" : "1595596369679"
      },
      "placeConfidence" : "MEDIUM_CONFIDENCE",
      "centerLatE7" : 152617133,
      "centerLngE7" : 739735100,
      "visitConfidence" : 65,
      "otherCandidateLocations" : [ {
        "latitudeE7" : 152621965,
        "longitudeE7" : 739745712,
        "placeId" : "ChIJNUdp-7azvzsRiPY3_zAGr-c",
        "locationConfidence" : 36.361305
      }, {
        "latitudeE7" : 152622268,
        "longitudeE7" : 739725231,
        "placeId" : "ChIJxedldgizvzsRWfnD55ffCNY",
        "locationConfidence" : 5.023457
      }, {
        "latitudeE7" : 152612031,
        "longitudeE7" : 739754658,
        "placeId" : "ChIJ0-SoiJGzvzsRr2iV0hMn2tg",
        "locationConfidence" : 2.8664398
      }, {
        "latitudeE7" : 152608060,
        "longitudeE7" : 739744240,
        "placeId" : "ChIJI2bW2bazvzsRkaY7_tTx_ZY",
        "locationConfidence" : 1.9460354
      }, {
        "latitudeE7" : 152631474,
        "longitudeE7" : 739758460,
        "placeId" : "ChIJX5U8yMizvzsRg46il7-rwy0",
        "locationConfidence" : 1.6748458
      }, {
        "latitudeE7" : 152631131,
        "longitudeE7" : 739759596,
        "placeId" : "ChIJy2vsFKKzvzsRdebuDfs3qcg",
        "locationConfidence" : 1.4273281
      }, {
        "latitudeE7" : 152635374,
        "longitudeE7" : 739753092,
        "placeId" : "ChIJLxffef2zvzsRaFOpVShh4eQ",
        "locationConfidence" : 1.0007048
      }, {
        "latitudeE7" : 152630607,
        "longitudeE7" : 739759761,
        "placeId" : "ChIJA5vOB56zvzsRBMBpjvUcytk",
        "locationConfidence" : 0.80547
      }, {
        "latitudeE7" : 152640273,
        "longitudeE7" : 739734330,
        "placeId" : "ChIJbZvG9I6zvzsRxJI6s9XRjrU",
        "locationConfidence" : 0.7044209
      } ],
      "editConfirmationStatus" : "NOT_CONFIRMED"
    }
  }, {
    "activitySegment" : {
      "startLocation" : {
        "latitudeE7" : 152619670,
        "longitudeE7" : 739745081,
        "sourceInfo" : {
          "deviceTag" : -1991925423
        }
      },
      "endLocation" : {
        "latitudeE7" : 152612796,
        "longitudeE7" : 739740037,
        "sourceInfo" : {
          "deviceTag" : -1991925423
        }
      },
      "duration" : {
        "startTimestampMs" : "1595596369679",
        "endTimestampMs" : "1595597908880"
      },
      "distance" : 93,
      "activityType" : "IN_PASSENGER_VEHICLE",
      "confidence" : "LOW",
      "activities" : [ {
        "activityType" : "IN_PASSENGER_VEHICLE",
        "probability" : 53.38644981384277
      }, {
        "activityType" : "WALKING",
        "probability" : 20.93462496995926
      }, {
        "activityType" : "STILL",
        "probability" : 13.614711165428162
      }, {
        "activityType" : "MOTORCYCLING",
        "probability" : 10.943640768527985
      }, {
        "activityType" : "CYCLING",
        "probability" : 0.4617295227944851
      }, {
        "activityType" : "RUNNING",
        "probability" : 0.2782367169857025
      }, {
        "activityType" : "FLYING",
        "probability" : 0.12657151091843843
      }, {
        "activityType" : "IN_BUS",
        "probability" : 0.10927830589935184
      }, {
        "activityType" : "IN_FERRY",
        "probability" : 0.10713464580476284
      }, {
        "activityType" : "SAILING",
        "probability" : 0.013112724991515279
      }, {
        "activityType" : "IN_TRAIN",
        "probability" : 0.012393013457767665
      }, {
        "activityType" : "IN_SUBWAY",
        "probability" : 0.0063849714933894575
      }, {
        "activityType" : "SKIING",
        "probability" : 0.005525644519366324
      }, {
        "activityType" : "IN_TRAM",
        "probability" : 1.0886095651585492E-4
      }, {
        "activityType" : "IN_VEHICLE",
        "probability" : 9.593483127900981E-5
      } ],
      "waypointPath" : {
        "waypoints" : [ {
          "latE7" : 152616682,
          "lngE7" : 739748687
        }, {
          "latE7" : 152612304,
          "lngE7" : 739742431
        }, {
          "latE7" : 152612009,
          "lngE7" : 739740066
        } ]
      },
      "parkingEvent" : {
        "timestampMs" : "1595597908880",
        "location" : {
          "latitudeE7" : 152612796,
          "longitudeE7" : 739740037,
          "accuracyMetres" : 160,
          "sourceInfo" : {
            "deviceTag" : -1991925423
          }
        }
      }
    }
  }, {
    "placeVisit" : {
      "location" : {
        "latitudeE7" : 152623226,
        "longitudeE7" : 739746236,
        "placeId" : "ChIJNUdp-7azvzsRiPY3_zAGr-c",
        "address" : "Sanscar Society\nMargao, Goa 403707",
        "name" : "403707",
        "sourceInfo" : {
          "deviceTag" : -1991925423
        },
        "locationConfidence" : 45.34383
      },
      "duration" : {
        "startTimestampMs" : "1595597908880",
        "endTimestampMs" : "1595599225107"
      },
      "placeConfidence" : "LOW_CONFIDENCE",
      "centerLatE7" : 152619011,
      "centerLngE7" : 739744956,
      "visitConfidence" : 80,
      "otherCandidateLocations" : [ {
        "latitudeE7" : 152623234,
        "longitudeE7" : 739743195,
        "placeId" : "ChIJjco2_LazvzsRqkM2u1ayngU",
        "locationConfidence" : 30.4127
      }, {
        "latitudeE7" : 152612031,
        "longitudeE7" : 739754658,
        "placeId" : "ChIJ0-SoiJGzvzsRr2iV0hMn2tg",
        "locationConfidence" : 6.428794
      }, {
        "latitudeE7" : 152608060,
        "longitudeE7" : 739744240,
        "placeId" : "ChIJI2bW2bazvzsRkaY7_tTx_ZY",
        "locationConfidence" : 3.0133967
      }, {
        "latitudeE7" : 152631131,
        "longitudeE7" : 739759596,
        "placeId" : "ChIJy2vsFKKzvzsRdebuDfs3qcg",
        "locationConfidence" : 2.9134068
      }, {
        "latitudeE7" : 152635374,
        "longitudeE7" : 739753092,
        "placeId" : "ChIJLxffef2zvzsRaFOpVShh4eQ",
        "locationConfidence" : 2.6259813
      }, {
        "latitudeE7" : 152622268,
        "longitudeE7" : 739725231,
        "placeId" : "ChIJxedldgizvzsRWfnD55ffCNY",
        "locationConfidence" : 2.5525851
      }, {
        "latitudeE7" : 152635119,
        "longitudeE7" : 739748690,
        "placeId" : "ChIJGwzAUVyzvzsR9YVcSYsoA5w",
        "locationConfidence" : 2.346556
      }, {
        "latitudeE7" : 152630607,
        "longitudeE7" : 739759761,
        "placeId" : "ChIJA5vOB56zvzsRBMBpjvUcytk",
        "locationConfidence" : 1.5952563
      }, {
        "latitudeE7" : 152631474,
        "longitudeE7" : 739758460,
        "placeId" : "ChIJX5U8yMizvzsRg46il7-rwy0",
        "locationConfidence" : 1.4633367
      } ],
      "editConfirmationStatus" : "NOT_CONFIRMED"
    }
  }, {
    "activitySegment" : {
      "startLocation" : {
        "latitudeE7" : 152620427,
        "longitudeE7" : 739747383,
        "sourceInfo" : {
          "deviceTag" : -1991925423
        }
      },
      "endLocation" : {
        "latitudeE7" : 152703025,
        "longitudeE7" : 739909615,
        "sourceInfo" : {
          "deviceTag" : -1991925423
        }
      },
      "duration" : {
        "startTimestampMs" : "1595599225107",
        "endTimestampMs" : "1595601373998"
      },
      "distance" : 2083,
      "activityType" : "IN_PASSENGER_VEHICLE",
      "confidence" : "MEDIUM",
      "activities" : [ {
        "activityType" : "IN_PASSENGER_VEHICLE",
        "probability" : 74.69900250434875
      }, {
        "activityType" : "MOTORCYCLING",
        "probability" : 10.170770436525345
      }, {
        "activityType" : "WALKING",
        "probability" : 8.542469888925552
      }, {
        "activityType" : "STILL",
        "probability" : 5.210590362548828
      }, {
        "activityType" : "CYCLING",
        "probability" : 0.45856120996177197
      }, {
        "activityType" : "IN_BUS",
        "probability" : 0.2668380970135331
      }, {
        "activityType" : "FLYING",
        "probability" : 0.23304440546780825
      }, {
        "activityType" : "RUNNING",
        "probability" : 0.2160633448511362
      }, {
        "activityType" : "IN_FERRY",
        "probability" : 0.14954073121771216
      }, {
        "activityType" : "IN_TRAIN",
        "probability" : 0.025919725885614753
      }, {
        "activityType" : "SAILING",
        "probability" : 0.013226928422227502
      }, {
        "activityType" : "IN_SUBWAY",
        "probability" : 0.008110216003842652
      }, {
        "activityType" : "SKIING",
        "probability" : 0.005405873162089847
      }, {
        "activityType" : "IN_TRAM",
        "probability" : 3.006937959071365E-4
      }, {
        "activityType" : "IN_VEHICLE",
        "probability" : 1.5803153701199335E-4
      } ],
      "waypointPath" : {
        "waypoints" : [ {
          "latE7" : 152617988,
          "lngE7" : 739749984
        }, {
          "latE7" : 152718458,
          "lngE7" : 739786148
        }, {
          "latE7" : 152703027,
          "lngE7" : 739909515
        } ]
      },
      "parkingEvent" : {
        "timestampMs" : "1595601396016",
        "location" : {
          "latitudeE7" : 152702989,
          "longitudeE7" : 739909690,
          "accuracyMetres" : 47
        }
      }
    }
  }, {
    "placeVisit" : {
      "location" : {
        "latitudeE7" : 152703268,
        "longitudeE7" : 739907391,
        "placeId" : "ChIJ_Uae8TayvzsRkjLr6fmz7WU",
        "address" : "Gogol Housing Board\nMargao, Goa 403601",
        "name" : "403601",
        "sourceInfo" : {
          "deviceTag" : -1991925423
        },
        "locationConfidence" : 69.889946
      },
      "duration" : {
        "startTimestampMs" : "1595601373998",
        "endTimestampMs" : "1596109472093"
      },
      "placeConfidence" : "HIGH_CONFIDENCE",
      "centerLatE7" : 152704237,
      "centerLngE7" : 739908398,
      "visitConfidence" : 81,
      "otherCandidateLocations" : [ {
        "latitudeE7" : 152703372,
        "longitudeE7" : 739912140,
        "placeId" : "ChIJj8BmYGqzvzsRZLyOgiRTEPk",
        "locationConfidence" : 6.364028
      }, {
        "latitudeE7" : 152702496,
        "longitudeE7" : 739909063,
        "placeId" : "ChIJVYrh8DayvzsRbPgGebcVI6w",
        "locationConfidence" : 6.263332
      }, {
        "latitudeE7" : 152713461,
        "longitudeE7" : 739887161,
        "placeId" : "ChIJt_eBoDayvzsRoUF20xOHBpk",
        "locationConfidence" : 4.805337
      }, {
        "latitudeE7" : 152701520,
        "longitudeE7" : 739913977,
        "placeId" : "ChIJvaXvQ5WzvzsR9dfADDdNEI0",
        "locationConfidence" : 2.993529
      }, {
        "latitudeE7" : 152704744,
        "longitudeE7" : 739894646,
        "placeId" : "ChIJSeWRhTayvzsRhneMXMTe3wA",
        "locationConfidence" : 2.7601757
      }, {
        "latitudeE7" : 152718752,
        "longitudeE7" : 739922433,
        "placeId" : "ChIJaYQpKjeyvzsR3oZWIgLTRp8",
        "locationConfidence" : 1.8469774
      }, {
        "latitudeE7" : 152707118,
        "longitudeE7" : 739909636,
        "placeId" : "ChIJf2gO7zayvzsRhcDmrr35aGg",
        "locationConfidence" : 1.8165938
      }, {
        "latitudeE7" : 152713777,
        "longitudeE7" : 739910011,
        "placeId" : "ChIJV6zfwjayvzsR1hNLXwHGsjU",
        "locationConfidence" : 1.1341742
      }, {
        "latitudeE7" : 152700251,
        "longitudeE7" : 739907730,
        "placeId" : "ChIJUx6X9jayvzsR5IH9TkaIe-g",
        "locationConfidence" : 0.8663546
      } ],
      "editConfirmationStatus" : "NOT_CONFIRMED"
    }
  }, {
    "activitySegment" : {
      "startLocation" : {
        "latitudeE7" : 152702829,
        "longitudeE7" : 739910024,
        "sourceInfo" : {
          "deviceTag" : -1991925423
        }
      },
      "endLocation" : {
        "latitudeE7" : 152630150,
        "longitudeE7" : 739916700,
        "sourceInfo" : {
          "deviceTag" : -1991925423
        }
      },
      "duration" : {
        "startTimestampMs" : "1596109472093",
        "endTimestampMs" : "1596135675750"
      },
      "distance" : 691,
      "activityType" : "IN_PASSENGER_VEHICLE",
      "confidence" : "LOW",
      "activities" : [ {
        "activityType" : "IN_PASSENGER_VEHICLE",
        "probability" : 38.15665245056152
      }, {
        "activityType" : "STILL",
        "probability" : 29.66008484363556
      }, {
        "activityType" : "WALKING",
        "probability" : 16.332562267780304
      }, {
        "activityType" : "MOTORCYCLING",
        "probability" : 14.743874967098236
      }, {
        "activityType" : "CYCLING",
        "probability" : 0.5769969429820776
      }, {
        "activityType" : "RUNNING",
        "probability" : 0.1693634781986475
      }, {
        "activityType" : "FLYING",
        "probability" : 0.12118552112951875
      }, {
        "activityType" : "IN_FERRY",
        "probability" : 0.08805474499240518
      }, {
        "activityType" : "IN_BUS",
        "probability" : 0.08761523058637977
      }, {
        "activityType" : "IN_TRAIN",
        "probability" : 0.03340766706969589
      }, {
        "activityType" : "SAILING",
        "probability" : 0.017589244816917926
      }, {
        "activityType" : "IN_SUBWAY",
        "probability" : 0.009753934864420444
      }, {
        "activityType" : "SKIING",
        "probability" : 0.0026549427275313064
      }, {
        "activityType" : "IN_VEHICLE",
        "probability" : 1.2372321407383424E-4
      }, {
        "activityType" : "IN_TRAM",
        "probability" : 8.571287253289483E-5
      } ],
      "waypointPath" : {
        "waypoints" : [ {
          "latE7" : 152702817,
          "lngE7" : 739909515
        }, {
          "latE7" : 152703580,
          "lngE7" : 739909439
        }, {
          "latE7" : 152704353,
          "lngE7" : 739909439
        } ]
      },
      "parkingEvent" : {
        "timestampMs" : "1596135748228",
        "location" : {
          "latitudeE7" : 152704365,
          "longitudeE7" : 739909996,
          "accuracyMetres" : 132
        }
      }
    }
  }, {
    "placeVisit" : {
      "location" : {
        "latitudeE7" : 152703268,
        "longitudeE7" : 739907391,
        "placeId" : "ChIJ_Uae8TayvzsRkjLr6fmz7WU",
        "address" : "Gogol Housing Board\nMargao, Goa 403601",
        "name" : "403601",
        "sourceInfo" : {
          "deviceTag" : -1991925423
        },
        "locationConfidence" : 62.45949
      },
      "duration" : {
        "startTimestampMs" : "1596135675750",
        "endTimestampMs" : "1596169683430"
      },
      "placeConfidence" : "HIGH_CONFIDENCE",
      "centerLatE7" : 152703954,
      "centerLngE7" : 739909923,
      "visitConfidence" : 78,
      "otherCandidateLocations" : [ {
        "latitudeE7" : 152703372,
        "longitudeE7" : 739912140,
        "placeId" : "ChIJj8BmYGqzvzsRZLyOgiRTEPk",
        "locationConfidence" : 10.248501
      }, {
        "latitudeE7" : 152702496,
        "longitudeE7" : 739909063,
        "placeId" : "ChIJVYrh8DayvzsRbPgGebcVI6w",
        "locationConfidence" : 8.321371
      }, {
        "latitudeE7" : 152701520,
        "longitudeE7" : 739913977,
        "placeId" : "ChIJvaXvQ5WzvzsR9dfADDdNEI0",
        "locationConfidence" : 6.407681
      }, {
        "latitudeE7" : 152713461,
        "longitudeE7" : 739887161,
        "placeId" : "ChIJt_eBoDayvzsRoUF20xOHBpk",
        "locationConfidence" : 3.567381
      }, {
        "latitudeE7" : 152707118,
        "longitudeE7" : 739909636,
        "placeId" : "ChIJf2gO7zayvzsRhcDmrr35aGg",
        "locationConfidence" : 2.8624117
      }, {
        "latitudeE7" : 152718752,
        "longitudeE7" : 739922433,
        "placeId" : "ChIJaYQpKjeyvzsR3oZWIgLTRp8",
        "locationConfidence" : 2.3712976
      }, {
        "latitudeE7" : 152713777,
        "longitudeE7" : 739910011,
        "placeId" : "ChIJV6zfwjayvzsR1hNLXwHGsjU",
        "locationConfidence" : 1.1872256
      }, {
        "latitudeE7" : 152699422,
        "longitudeE7" : 739908229,
        "placeId" : "ChIJJQdn2FSzvzsRbBtmIOKf2vk",
        "locationConfidence" : 0.9180246
      }, {
        "latitudeE7" : 152700251,
        "longitudeE7" : 739907730,
        "placeId" : "ChIJUx6X9jayvzsR5IH9TkaIe-g",
        "locationConfidence" : 0.8121598
      } ],
      "editConfirmationStatus" : "NOT_CONFIRMED"
    }
  }, {
    "activitySegment" : {
      "startLocation" : {
        "latitudeE7" : 152702807,
        "longitudeE7" : 739910004,
        "sourceInfo" : {
          "deviceTag" : -1991925423
        }
      },
      "endLocation" : {
        "latitudeE7" : 152641100,
        "longitudeE7" : 739917866,
        "sourceInfo" : {
          "deviceTag" : -1991925423
        }
      },
      "duration" : {
        "startTimestampMs" : "1596169683430",
        "endTimestampMs" : "1596192997854"
      },
      "distance" : 947,
      "activityType" : "IN_PASSENGER_VEHICLE",
      "confidence" : "LOW",
      "activities" : [ {
        "activityType" : "IN_PASSENGER_VEHICLE",
        "probability" : 34.46048200130463
      }, {
        "activityType" : "STILL",
        "probability" : 32.27647542953491
      }, {
        "activityType" : "WALKING",
        "probability" : 16.248489916324615
      }, {
        "activityType" : "MOTORCYCLING",
        "probability" : 15.814702212810516
      }, {
        "activityType" : "CYCLING",
        "probability" : 0.8800534531474113
      }, {
        "activityType" : "RUNNING",
        "probability" : 0.11584361782297492
      }, {
        "activityType" : "IN_BUS",
        "probability" : 0.09729901212267578
      }, {
        "activityType" : "FLYING",
        "probability" : 0.038065173430368304
      }, {
        "activityType" : "IN_FERRY",
        "probability" : 0.029035331681370735
      }, {
        "activityType" : "IN_TRAIN",
        "probability" : 0.023200243595056236
      }, {
        "activityType" : "IN_SUBWAY",
        "probability" : 0.007695132080698386
      }, {
        "activityType" : "SAILING",
        "probability" : 0.006415949610527605
      }, {
        "activityType" : "SKIING",
        "probability" : 0.0020348783436929807
      }, {
        "activityType" : "IN_VEHICLE",
        "probability" : 1.1357456060068216E-4
      }, {
        "activityType" : "IN_TRAM",
        "probability" : 9.990163789552753E-5
      } ],
      "waypointPath" : {
        "waypoints" : [ {
          "latE7" : 152702798,
          "lngE7" : 739909515
        }, {
          "latE7" : 152699575,
          "lngE7" : 739885787
        }, {
          "latE7" : 152638797,
          "lngE7" : 739905166
        } ]
      },
      "parkingEvent" : {
        "timestampMs" : "1596192755422",
        "location" : {
          "latitudeE7" : 152703163,
          "longitudeE7" : 739908998,
          "accuracyMetres" : 160
        }
      }
    }
  }, {
    "placeVisit" : {
      "location" : {
        "latitudeE7" : 152613600,
        "longitudeE7" : 739935536,
        "placeId" : "ChIJT_AUS0-yvzsR8HkqPqCsf5w",
        "address" : "Unnamed Road\nDavorlim, Goa 403729\nIndia",
        "name" : "Terra Vida Estates",
        "sourceInfo" : {
          "deviceTag" : -1991925423
        },
        "locationConfidence" : 34.939377
      },
      "duration" : {
        "startTimestampMs" : "1596192997854",
        "endTimestampMs" : "1596222419293"
      },
      "placeConfidence" : "MEDIUM_CONFIDENCE",
      "centerLatE7" : 152635033,
      "centerLngE7" : 739920967,
      "visitConfidence" : 62,
      "otherCandidateLocations" : [ {
        "latitudeE7" : 152657084,
        "longitudeE7" : 739924341,
        "placeId" : "ChIJ9RGpkBKzvzsRZ3NxLu4DSow",
        "locationConfidence" : 30.162916
      }, {
        "latitudeE7" : 152635770,
        "longitudeE7" : 739917090,
        "placeId" : "ChIJl9POVpqzvzsR7bcpQzx13M4",
        "locationConfidence" : 18.354597
      }, {
        "latitudeE7" : 152612730,
        "longitudeE7" : 739917180,
        "placeId" : "ChIJe-PzSTizvzsRHYP-8LlpYgI",
        "locationConfidence" : 16.543108
      } ],
      "editConfirmationStatus" : "NOT_CONFIRMED"
    }
  }, {
    "placeVisit" : {
      "location" : {
        "latitudeE7" : 152703268,
        "longitudeE7" : 739907391,
        "placeId" : "ChIJ_Uae8TayvzsRkjLr6fmz7WU",
        "address" : "Gogol Housing Board\nMargao, Goa 403601",
        "name" : "403601",
        "sourceInfo" : {
          "deviceTag" : -1991925423
        },
        "locationConfidence" : 63.980915
      },
      "duration" : {
        "startTimestampMs" : "1596222419293",
        "endTimestampMs" : "1596257409112"
      },
      "placeConfidence" : "HIGH_CONFIDENCE",
      "centerLatE7" : 152702800,
      "centerLngE7" : 739910000,
      "visitConfidence" : 78,
      "otherCandidateLocations" : [ {
        "latitudeE7" : 152702496,
        "longitudeE7" : 739909063,
        "placeId" : "ChIJVYrh8DayvzsRbPgGebcVI6w",
        "locationConfidence" : 10.40291
      }, {
        "latitudeE7" : 152703372,
        "longitudeE7" : 739912140,
        "placeId" : "ChIJj8BmYGqzvzsRZLyOgiRTEPk",
        "locationConfidence" : 9.662677
      }, {
        "latitudeE7" : 152701520,
        "longitudeE7" : 739913977,
        "placeId" : "ChIJvaXvQ5WzvzsR9dfADDdNEI0",
        "locationConfidence" : 4.7622952
      }, {
        "latitudeE7" : 152713461,
        "longitudeE7" : 739887161,
        "placeId" : "ChIJt_eBoDayvzsRoUF20xOHBpk",
        "locationConfidence" : 3.9350398
      }, {
        "latitudeE7" : 152718752,
        "longitudeE7" : 739922433,
        "placeId" : "ChIJaYQpKjeyvzsR3oZWIgLTRp8",
        "locationConfidence" : 2.4359243
      }, {
        "latitudeE7" : 152699422,
        "longitudeE7" : 739908229,
        "placeId" : "ChIJJQdn2FSzvzsRbBtmIOKf2vk",
        "locationConfidence" : 1.4236922
      }, {
        "latitudeE7" : 152700251,
        "longitudeE7" : 739907730,
        "placeId" : "ChIJUx6X9jayvzsR5IH9TkaIe-g",
        "locationConfidence" : 1.0179653
      }, {
        "latitudeE7" : 152713777,
        "longitudeE7" : 739910011,
        "placeId" : "ChIJV6zfwjayvzsR1hNLXwHGsjU",
        "locationConfidence" : 0.9850071
      }, {
        "latitudeE7" : 152707118,
        "longitudeE7" : 739909636,
        "placeId" : "ChIJf2gO7zayvzsRhcDmrr35aGg",
        "locationConfidence" : 0.8114012
      } ],
      "editConfirmationStatus" : "NOT_CONFIRMED"
    }
  } ]
}