{
  "timelineObjects" : [ {
    "activitySegment" : {
      "startLocation" : {
        "latitudeE7" : 152703301,
        "longitudeE7" : 739909278,
        "sourceInfo" : {
          "deviceTag" : -1991925423
        }
      },
      "endLocation" : {
        "latitudeE7" : 152644601,
        "longitudeE7" : 739913147,
        "sourceInfo" : {
          "deviceTag" : -1991925423
        }
      },
      "duration" : {
        "startTimestampMs" : "1591082654708",
        "endTimestampMs" : "1591103520349"
      },
      "distance" : 654,
      "activityType" : "IN_PASSENGER_VEHICLE",
      "confidence" : "LOW",
      "activities" : [ {
        "activityType" : "IN_PASSENGER_VEHICLE",
        "probability" : 41.026997566223145
      }, {
        "activityType" : "STILL",
        "probability" : 30.4548978805542
      }, {
        "activityType" : "MOTORCYCLING",
        "probability" : 17.0245960354805
      }, {
        "activityType" : "WALKING",
        "probability" : 10.835261642932892
      }, {
        "activityType" : "CYCLING",
        "probability" : 0.3572962246835232
      }, {
        "activityType" : "IN_BUS",
        "probability" : 0.08744848310016096
      }, {
        "activityType" : "RUNNING",
        "probability" : 0.08212252869270742
      }, {
        "activityType" : "FLYING",
        "probability" : 0.07828736561350524
      }, {
        "activityType" : "IN_TRAIN",
        "probability" : 0.024829170433804393
      }, {
        "activityType" : "IN_FERRY",
        "probability" : 0.01984647969948128
      }, {
        "activityType" : "SAILING",
        "probability" : 0.004022168650408275
      }, {
        "activityType" : "IN_SUBWAY",
        "probability" : 0.0035295735870022327
      }, {
        "activityType" : "SKIING",
        "probability" : 7.608211944898358E-4
      }, {
        "activityType" : "IN_VEHICLE",
        "probability" : 8.055354783209623E-5
      }, {
        "activityType" : "IN_TRAM",
        "probability" : 2.3516193436989852E-5
      } ],
      "waypointPath" : {
        "waypoints" : [ {
          "latE7" : 152703304,
          "lngE7" : 739909515
        }, {
          "latE7" : 152699794,
          "lngE7" : 739888458
        }, {
          "latE7" : 152639532,
          "lngE7" : 739904785
        } ]
      },
      "parkingEvent" : {
        "timestampMs" : "1591103572670",
        "location" : {
          "latitudeE7" : 152703297,
          "longitudeE7" : 739909282,
          "accuracyMetres" : 92
        }
      }
    }
  }, {
    "placeVisit" : {
      "location" : {
        "latitudeE7" : 152707118,
        "longitudeE7" : 739909636,
        "placeId" : "ChIJf2gO7zayvzsRhcDmrr35aGg",
        "address" : "Gogol Housing Board\nMargao, Goa 403601\nIndia",
        "name" : "Dr. Rakhi Ghodge",
        "sourceInfo" : {
          "deviceTag" : -1991925423
        },
        "locationConfidence" : 25.76487
      },
      "duration" : {
        "startTimestampMs" : "1591103520349",
        "endTimestampMs" : "1591103745658"
      },
      "placeConfidence" : "LOW_CONFIDENCE",
      "centerLatE7" : 152703123,
      "centerLngE7" : 739909418,
      "visitConfidence" : 77,
      "otherCandidateLocations" : [ {
        "latitudeE7" : 152697830,
        "longitudeE7" : 739888847,
        "placeId" : "ChIJg0yAKjSyvzsRhuto--Y4wik",
        "locationConfidence" : 15.004249
      }, {
        "latitudeE7" : 152702496,
        "longitudeE7" : 739909063,
        "placeId" : "ChIJVYrh8DayvzsRbPgGebcVI6w",
        "locationConfidence" : 14.542797
      }, {
        "latitudeE7" : 152697909,
        "longitudeE7" : 739890864,
        "placeId" : "ChIJdSD6gDayvzsRUn9nK6VEFD0",
        "locationConfidence" : 14.097163
      }, {
        "latitudeE7" : 152703372,
        "longitudeE7" : 739912140,
        "placeId" : "ChIJj8BmYGqzvzsRZLyOgiRTEPk",
        "locationConfidence" : 13.334337
      }, {
        "latitudeE7" : 152704744,
        "longitudeE7" : 739894646,
        "placeId" : "ChIJSeWRhTayvzsRhneMXMTe3wA",
        "locationConfidence" : 5.401738
      }, {
        "latitudeE7" : 152713777,
        "longitudeE7" : 739910011,
        "placeId" : "ChIJV6zfwjayvzsR1hNLXwHGsjU",
        "locationConfidence" : 3.3430955
      }, {
        "latitudeE7" : 152699422,
        "longitudeE7" : 739908229,
        "placeId" : "ChIJJQdn2FSzvzsRbBtmIOKf2vk",
        "locationConfidence" : 3.0714474
      }, {
        "latitudeE7" : 152689916,
        "longitudeE7" : 739923620,
        "placeId" : "ChIJE7QBsTeyvzsRk_vvd5sejac",
        "locationConfidence" : 3.0139222
      }, {
        "latitudeE7" : 152698511,
        "longitudeE7" : 739918181,
        "placeId" : "ChIJAQAAADeyvzsRNyJSBIk9fnE",
        "locationConfidence" : 1.0754288
      } ],
      "editConfirmationStatus" : "NOT_CONFIRMED"
    }
  }, {
    "placeVisit" : {
      "location" : {
        "latitudeE7" : 152702496,
        "longitudeE7" : 739909063,
        "placeId" : "ChIJVYrh8DayvzsRbPgGebcVI6w",
        "address" : "Unnamed Road\nGogol Housing Board\nDavorlim, Goa 403601\nIndia",
        "name" : "Maa Durga Auto Spare Parts",
        "sourceInfo" : {
          "deviceTag" : -1991925423
        },
        "locationConfidence" : 35.1879
      },
      "duration" : {
        "startTimestampMs" : "1591103745658",
        "endTimestampMs" : "1591445508195"
      },
      "placeConfidence" : "MEDIUM_CONFIDENCE",
      "centerLatE7" : 152703154,
      "centerLngE7" : 739909605,
      "visitConfidence" : 88,
      "otherCandidateLocations" : [ {
        "latitudeE7" : 152703372,
        "longitudeE7" : 739912140,
        "placeId" : "ChIJj8BmYGqzvzsRZLyOgiRTEPk",
        "locationConfidence" : 23.805965
      }, {
        "latitudeE7" : 152704744,
        "longitudeE7" : 739894646,
        "placeId" : "ChIJSeWRhTayvzsRhneMXMTe3wA",
        "locationConfidence" : 13.077844
      }, {
        "latitudeE7" : 152707118,
        "longitudeE7" : 739909636,
        "placeId" : "ChIJf2gO7zayvzsRhcDmrr35aGg",
        "locationConfidence" : 9.702811
      }, {
        "latitudeE7" : 152697909,
        "longitudeE7" : 739890864,
        "placeId" : "ChIJdSD6gDayvzsRUn9nK6VEFD0",
        "locationConfidence" : 7.660049
      }, {
        "latitudeE7" : 152698511,
        "longitudeE7" : 739918181,
        "placeId" : "ChIJAQAAADeyvzsRNyJSBIk9fnE",
        "locationConfidence" : 1.8663796
      }, {
        "latitudeE7" : 152699422,
        "longitudeE7" : 739908229,
        "placeId" : "ChIJJQdn2FSzvzsRbBtmIOKf2vk",
        "locationConfidence" : 1.8303609
      }, {
        "latitudeE7" : 152700251,
        "longitudeE7" : 739907730,
        "placeId" : "ChIJUx6X9jayvzsR5IH9TkaIe-g",
        "locationConfidence" : 1.6990736
      }, {
        "latitudeE7" : 152713777,
        "longitudeE7" : 739910011,
        "placeId" : "ChIJV6zfwjayvzsR1hNLXwHGsjU",
        "locationConfidence" : 1.6129673
      }, {
        "latitudeE7" : 152699220,
        "longitudeE7" : 739925540,
        "placeId" : "ChIJgaEACDeyvzsRVZKjic1HUck",
        "locationConfidence" : 1.4998798
      } ],
      "editConfirmationStatus" : "NOT_CONFIRMED"
    }
  }, {
    "activitySegment" : {
      "startLocation" : {
        "latitudeE7" : 152703617,
        "longitudeE7" : 739909996,
        "sourceInfo" : {
          "deviceTag" : -1991925423
        }
      },
      "endLocation" : {
        "latitudeE7" : 152702913,
        "longitudeE7" : 739909852,
        "sourceInfo" : {
          "deviceTag" : -1991925423
        }
      },
      "duration" : {
        "startTimestampMs" : "1591445508195",
        "endTimestampMs" : "1591450835200"
      },
      "distance" : 12607,
      "activityType" : "IN_PASSENGER_VEHICLE",
      "confidence" : "MEDIUM",
      "activities" : [ {
        "activityType" : "IN_PASSENGER_VEHICLE",
        "probability" : 63.56905698776245
      }, {
        "activityType" : "STILL",
        "probability" : 32.21319317817688
      }, {
        "activityType" : "WALKING",
        "probability" : 2.0274994894862175
      }, {
        "activityType" : "MOTORCYCLING",
        "probability" : 1.9236870110034943
      }, {
        "activityType" : "CYCLING",
        "probability" : 0.13117371127009392
      }, {
        "activityType" : "IN_BUS",
        "probability" : 0.07275249809026718
      }, {
        "activityType" : "FLYING",
        "probability" : 0.02426711580483243
      }, {
        "activityType" : "IN_FERRY",
        "probability" : 0.02099669072777033
      }, {
        "activityType" : "RUNNING",
        "probability" : 0.010526872938498855
      }, {
        "activityType" : "IN_TRAIN",
        "probability" : 0.00508310622535646
      }, {
        "activityType" : "SAILING",
        "probability" : 9.381375093653332E-4
      }, {
        "activityType" : "SKIING",
        "probability" : 6.488747658295324E-4
      }, {
        "activityType" : "IN_SUBWAY",
        "probability" : 1.0070699545394746E-4
      }, {
        "activityType" : "IN_TRAM",
        "probability" : 4.1541784412402194E-5
      }, {
        "activityType" : "IN_VEHICLE",
        "probability" : 3.1942104783411196E-5
      } ],
      "waypointPath" : {
        "waypoints" : [ {
          "latE7" : 152703609,
          "lngE7" : 739909439
        }, {
          "latE7" : 152820596,
          "lngE7" : 739799499
        }, {
          "latE7" : 152961187,
          "lngE7" : 739907989
        }, {
          "latE7" : 152821235,
          "lngE7" : 739801025
        }, {
          "latE7" : 152830457,
          "lngE7" : 739782028
        }, {
          "latE7" : 152813253,
          "lngE7" : 739602127
        }, {
          "latE7" : 152718734,
          "lngE7" : 739696350
        }, {
          "latE7" : 152702903,
          "lngE7" : 739909515
        } ]
      },
      "simplifiedRawPath" : {
        "points" : [ {
          "latE7" : 152961197,
          "lngE7" : 739907990,
          "timestampMs" : "1591447941784",
          "accuracyMeters" : 28
        }, {
          "latE7" : 152828760,
          "lngE7" : 739783478,
          "timestampMs" : "1591448337997",
          "accuracyMeters" : 27
        }, {
          "latE7" : 152717257,
          "lngE7" : 739694214,
          "timestampMs" : "1591449064752",
          "accuracyMeters" : 68
        } ]
      },
      "parkingEvent" : {
        "timestampMs" : "1591450779442",
        "location" : {
          "latitudeE7" : 152702641,
          "longitudeE7" : 739907687,
          "accuracyMetres" : 39
        }
      }
    }
  }, {
    "placeVisit" : {
      "location" : {
        "latitudeE7" : 152702496,
        "longitudeE7" : 739909063,
        "placeId" : "ChIJVYrh8DayvzsRbPgGebcVI6w",
        "address" : "Unnamed Road\nGogol Housing Board\nDavorlim, Goa 403601\nIndia",
        "name" : "Maa Durga Auto Spare Parts",
        "sourceInfo" : {
          "deviceTag" : -1991925423
        },
        "locationConfidence" : 25.974253
      },
      "duration" : {
        "startTimestampMs" : "1591450835200",
        "endTimestampMs" : "1591967150412"
      },
      "placeConfidence" : "LOW_CONFIDENCE",
      "centerLatE7" : 152703290,
      "centerLngE7" : 739909555,
      "visitConfidence" : 75,
      "otherCandidateLocations" : [ {
        "latitudeE7" : 152707118,
        "longitudeE7" : 739909636,
        "placeId" : "ChIJf2gO7zayvzsRhcDmrr35aGg",
        "locationConfidence" : 20.538528
      }, {
        "latitudeE7" : 152703372,
        "longitudeE7" : 739912140,
        "placeId" : "ChIJj8BmYGqzvzsRZLyOgiRTEPk",
        "locationConfidence" : 16.82418
      }, {
        "latitudeE7" : 152701520,
        "longitudeE7" : 739913977,
        "placeId" : "ChIJvaXvQ5WzvzsR9dfADDdNEI0",
        "locationConfidence" : 14.780486
      }, {
        "latitudeE7" : 152704744,
        "longitudeE7" : 739894646,
        "placeId" : "ChIJSeWRhTayvzsRhneMXMTe3wA",
        "locationConfidence" : 11.051634
      }, {
        "latitudeE7" : 152700251,
        "longitudeE7" : 739907730,
        "placeId" : "ChIJUx6X9jayvzsR5IH9TkaIe-g",
        "locationConfidence" : 2.6591442
      }, {
        "latitudeE7" : 152713777,
        "longitudeE7" : 739910011,
        "placeId" : "ChIJV6zfwjayvzsR1hNLXwHGsjU",
        "locationConfidence" : 2.4119692
      }, {
        "latitudeE7" : 152699422,
        "longitudeE7" : 739908229,
        "placeId" : "ChIJJQdn2FSzvzsRbBtmIOKf2vk",
        "locationConfidence" : 1.9488019
      }, {
        "latitudeE7" : 152698511,
        "longitudeE7" : 739918181,
        "placeId" : "ChIJAQAAADeyvzsRNyJSBIk9fnE",
        "locationConfidence" : 1.862521
      }, {
        "latitudeE7" : 152699220,
        "longitudeE7" : 739925540,
        "placeId" : "ChIJgaEACDeyvzsRVZKjic1HUck",
        "locationConfidence" : 0.85575485
      } ],
      "editConfirmationStatus" : "NOT_CONFIRMED"
    }
  }, {
    "activitySegment" : {
      "startLocation" : {
        "latitudeE7" : 152703302,
        "longitudeE7" : 739910656,
        "sourceInfo" : {
          "deviceTag" : -1991925423
        }
      },
      "endLocation" : {
        "latitudeE7" : 152702837,
        "longitudeE7" : 739909938,
        "sourceInfo" : {
          "deviceTag" : -1991925423
        }
      },
      "duration" : {
        "startTimestampMs" : "1591967150412",
        "endTimestampMs" : "1591986624869"
      },
      "distance" : 28,
      "activityType" : "IN_PASSENGER_VEHICLE",
      "confidence" : "MEDIUM",
      "activities" : [ {
        "activityType" : "IN_PASSENGER_VEHICLE",
        "probability" : 61.57941222190857
      }, {
        "activityType" : "STILL",
        "probability" : 17.060178518295288
      }, {
        "activityType" : "MOTORCYCLING",
        "probability" : 15.12509286403656
      }, {
        "activityType" : "WALKING",
        "probability" : 5.632549151778221
      }, {
        "activityType" : "FLYING",
        "probability" : 0.22679362446069717
      }, {
        "activityType" : "CYCLING",
        "probability" : 0.1208231900818646
      }, {
        "activityType" : "IN_BUS",
        "probability" : 0.10021214839071035
      }, {
        "activityType" : "RUNNING",
        "probability" : 0.09503273759037256
      }, {
        "activityType" : "IN_FERRY",
        "probability" : 0.041268530185334384
      }, {
        "activityType" : "IN_TRAIN",
        "probability" : 0.010171119356527925
      }, {
        "activityType" : "SAILING",
        "probability" : 0.003416430627112277
      }, {
        "activityType" : "IN_SUBWAY",
        "probability" : 0.0032934334740275517
      }, {
        "activityType" : "SKIING",
        "probability" : 0.0016400264939875342
      }, {
        "activityType" : "IN_VEHICLE",
        "probability" : 8.956916985880525E-5
      }, {
        "activityType" : "IN_TRAM",
        "probability" : 2.134956531563148E-5
      } ],
      "waypointPath" : {
        "waypoints" : [ {
          "latE7" : 152703275,
          "lngE7" : 739909515
        }, {
          "latE7" : 152703056,
          "lngE7" : 739909515
        }, {
          "latE7" : 152702827,
          "lngE7" : 739909515
        } ]
      },
      "parkingEvent" : {
        "timestampMs" : "1591986429140",
        "location" : {
          "latitudeE7" : 152702837,
          "longitudeE7" : 739909929,
          "accuracyMetres" : 89
        }
      }
    }
  }, {
    "placeVisit" : {
      "location" : {
        "latitudeE7" : 152702496,
        "longitudeE7" : 739909063,
        "placeId" : "ChIJVYrh8DayvzsRbPgGebcVI6w",
        "address" : "Unnamed Road\nGogol Housing Board\nDavorlim, Goa 403601\nIndia",
        "name" : "Maa Durga Auto Spare Parts",
        "sourceInfo" : {
          "deviceTag" : -1991925423
        },
        "locationConfidence" : 40.334724
      },
      "duration" : {
        "startTimestampMs" : "1591986624869",
        "endTimestampMs" : "1592105150383"
      },
      "placeConfidence" : "MEDIUM_CONFIDENCE",
      "centerLatE7" : 152703220,
      "centerLngE7" : 739909400,
      "visitConfidence" : 93,
      "otherCandidateLocations" : [ {
        "latitudeE7" : 152707118,
        "longitudeE7" : 739909636,
        "placeId" : "ChIJf2gO7zayvzsRhcDmrr35aGg",
        "locationConfidence" : 20.09165
      }, {
        "latitudeE7" : 152703372,
        "longitudeE7" : 739912140,
        "placeId" : "ChIJj8BmYGqzvzsRZLyOgiRTEPk",
        "locationConfidence" : 17.563314
      }, {
        "latitudeE7" : 152701520,
        "longitudeE7" : 739913977,
        "placeId" : "ChIJvaXvQ5WzvzsR9dfADDdNEI0",
        "locationConfidence" : 7.078647
      }, {
        "latitudeE7" : 152704744,
        "longitudeE7" : 739894646,
        "placeId" : "ChIJSeWRhTayvzsRhneMXMTe3wA",
        "locationConfidence" : 6.935798
      }, {
        "latitudeE7" : 152699422,
        "longitudeE7" : 739908229,
        "placeId" : "ChIJJQdn2FSzvzsRbBtmIOKf2vk",
        "locationConfidence" : 2.1941094
      }, {
        "latitudeE7" : 152689959,
        "longitudeE7" : 739893704,
        "placeId" : "ChIJdwhxejayvzsRR3ns6IufYek",
        "locationConfidence" : 1.4280576
      }, {
        "latitudeE7" : 152700251,
        "longitudeE7" : 739907730,
        "placeId" : "ChIJUx6X9jayvzsR5IH9TkaIe-g",
        "locationConfidence" : 1.3480902
      }, {
        "latitudeE7" : 152713777,
        "longitudeE7" : 739910011,
        "placeId" : "ChIJV6zfwjayvzsR1hNLXwHGsjU",
        "locationConfidence" : 1.0057328
      }, {
        "latitudeE7" : 152717429,
        "longitudeE7" : 739895605,
        "placeId" : "ChIJg2SIR8yzvzsR4tzSQpZqdcM",
        "locationConfidence" : 0.8180941
      } ],
      "editConfirmationStatus" : "NOT_CONFIRMED"
    }
  }, {
    "activitySegment" : {
      "startLocation" : {
        "latitudeE7" : 152703887,
        "longitudeE7" : 739909522,
        "sourceInfo" : {
          "deviceTag" : -1991925423
        }
      },
      "endLocation" : {
        "latitudeE7" : 152703612,
        "longitudeE7" : 739907951,
        "sourceInfo" : {
          "deviceTag" : -1991925423
        }
      },
      "duration" : {
        "startTimestampMs" : "1592105150383",
        "endTimestampMs" : "1592122999530"
      },
      "distance" : 1474,
      "activityType" : "IN_PASSENGER_VEHICLE",
      "confidence" : "LOW",
      "activities" : [ {
        "activityType" : "IN_PASSENGER_VEHICLE",
        "probability" : 37.41227388381958
      }, {
        "activityType" : "STILL",
        "probability" : 30.61019778251648
      }, {
        "activityType" : "MOTORCYCLING",
        "probability" : 18.99547278881073
      }, {
        "activityType" : "WALKING",
        "probability" : 11.877653002738953
      }, {
        "activityType" : "CYCLING",
        "probability" : 0.7254412397742271
      }, {
        "activityType" : "IN_BUS",
        "probability" : 0.20469101145863533
      }, {
        "activityType" : "RUNNING",
        "probability" : 0.08327121613547206
      }, {
        "activityType" : "FLYING",
        "probability" : 0.040269384044222534
      }, {
        "activityType" : "IN_TRAIN",
        "probability" : 0.028709822800010443
      }, {
        "activityType" : "IN_FERRY",
        "probability" : 0.014462963736150414
      }, {
        "activityType" : "IN_SUBWAY",
        "probability" : 0.004245016680215485
      }, {
        "activityType" : "SAILING",
        "probability" : 0.0022238444216782227
      }, {
        "activityType" : "SKIING",
        "probability" : 9.153578503173776E-4
      }, {
        "activityType" : "IN_VEHICLE",
        "probability" : 1.2924215297971386E-4
      }, {
        "activityType" : "IN_TRAM",
        "probability" : 4.372230648641562E-5
      } ],
      "waypointPath" : {
        "waypoints" : [ {
          "latE7" : 152703886,
          "lngE7" : 739909439
        }, {
          "latE7" : 152701377,
          "lngE7" : 739935302
        }, {
          "latE7" : 152736339,
          "lngE7" : 740044326
        } ]
      },
      "parkingEvent" : {
        "timestampMs" : "1592123089212",
        "location" : {
          "latitudeE7" : 152702838,
          "longitudeE7" : 739909939,
          "accuracyMetres" : 120
        }
      }
    }
  }, {
    "placeVisit" : {
      "location" : {
        "latitudeE7" : 152703372,
        "longitudeE7" : 739912140,
        "placeId" : "ChIJj8BmYGqzvzsRZLyOgiRTEPk",
        "address" : "Shop No S-2, Dutt Mandir Temple Road, Next to Maruti Suzuki Chowgule Industries, Kutubana Village Davorlim Under Matriz No 63 Marea Cecilia Pereira Taluka Salc, Dist, Davorlim\nGogol Housing Board\nMargao, Goa 403707\nIndia",
        "name" : "Jio Point",
        "sourceInfo" : {
          "deviceTag" : -1991925423
        },
        "locationConfidence" : 21.8638
      },
      "duration" : {
        "startTimestampMs" : "1592122999530",
        "endTimestampMs" : "1592168865135"
      },
      "placeConfidence" : "LOW_CONFIDENCE",
      "centerLatE7" : 152703566,
      "centerLngE7" : 739909800,
      "visitConfidence" : 77,
      "otherCandidateLocations" : [ {
        "latitudeE7" : 152707118,
        "longitudeE7" : 739909636,
        "placeId" : "ChIJf2gO7zayvzsRhcDmrr35aGg",
        "locationConfidence" : 18.730532
      }, {
        "latitudeE7" : 152702496,
        "longitudeE7" : 739909063,
        "placeId" : "ChIJVYrh8DayvzsRbPgGebcVI6w",
        "locationConfidence" : 18.532188
      }, {
        "latitudeE7" : 152701520,
        "longitudeE7" : 739913977,
        "placeId" : "ChIJvaXvQ5WzvzsR9dfADDdNEI0",
        "locationConfidence" : 16.982227
      }, {
        "latitudeE7" : 152704744,
        "longitudeE7" : 739894646,
        "placeId" : "ChIJSeWRhTayvzsRhneMXMTe3wA",
        "locationConfidence" : 13.25793
      }, {
        "latitudeE7" : 152699422,
        "longitudeE7" : 739908229,
        "placeId" : "ChIJJQdn2FSzvzsRbBtmIOKf2vk",
        "locationConfidence" : 2.4682214
      }, {
        "latitudeE7" : 152713777,
        "longitudeE7" : 739910011,
        "placeId" : "ChIJV6zfwjayvzsR1hNLXwHGsjU",
        "locationConfidence" : 1.9224728
      }, {
        "latitudeE7" : 152698511,
        "longitudeE7" : 739918181,
        "placeId" : "ChIJAQAAADeyvzsRNyJSBIk9fnE",
        "locationConfidence" : 1.6499815
      }, {
        "latitudeE7" : 152700251,
        "longitudeE7" : 739907730,
        "placeId" : "ChIJUx6X9jayvzsR5IH9TkaIe-g",
        "locationConfidence" : 1.5985162
      }, {
        "latitudeE7" : 152689959,
        "longitudeE7" : 739893704,
        "placeId" : "ChIJdwhxejayvzsRR3ns6IufYek",
        "locationConfidence" : 1.5784509
      } ],
      "editConfirmationStatus" : "NOT_CONFIRMED"
    }
  }, {
    "activitySegment" : {
      "startLocation" : {
        "latitudeE7" : 152702837,
        "longitudeE7" : 739909938,
        "sourceInfo" : {
          "deviceTag" : -1991925423
        }
      },
      "endLocation" : {
        "latitudeE7" : 152702896,
        "longitudeE7" : 739909808,
        "sourceInfo" : {
          "deviceTag" : -1991925423
        }
      },
      "duration" : {
        "startTimestampMs" : "1592168865135",
        "endTimestampMs" : "1592197601013"
      },
      "distance" : 716,
      "activityType" : "IN_PASSENGER_VEHICLE",
      "confidence" : "MEDIUM",
      "activities" : [ {
        "activityType" : "IN_PASSENGER_VEHICLE",
        "probability" : 61.39482855796814
      }, {
        "activityType" : "MOTORCYCLING",
        "probability" : 21.332985162734985
      }, {
        "activityType" : "STILL",
        "probability" : 9.786870330572128
      }, {
        "activityType" : "WALKING",
        "probability" : 5.435889959335327
      }, {
        "activityType" : "CYCLING",
        "probability" : 1.4670850709080696
      }, {
        "activityType" : "IN_BUS",
        "probability" : 0.2203823532909155
      }, {
        "activityType" : "IN_FERRY",
        "probability" : 0.179580831900239
      }, {
        "activityType" : "RUNNING",
        "probability" : 0.06232561427168548
      }, {
        "activityType" : "FLYING",
        "probability" : 0.05228318623267114
      }, {
        "activityType" : "IN_TRAIN",
        "probability" : 0.026503056869842112
      }, {
        "activityType" : "SAILING",
        "probability" : 0.02365154796279967
      }, {
        "activityType" : "SKIING",
        "probability" : 0.008905980212148279
      }, {
        "activityType" : "IN_SUBWAY",
        "probability" : 0.007972396269906312
      }, {
        "activityType" : "IN_TRAM",
        "probability" : 5.833917839481728E-4
      }, {
        "activityType" : "IN_VEHICLE",
        "probability" : 1.5727553090982838E-4
      } ],
      "waypointPath" : {
        "waypoints" : [ {
          "latE7" : 152702827,
          "lngE7" : 739909515
        }, {
          "latE7" : 152702856,
          "lngE7" : 739909515
        }, {
          "latE7" : 152702884,
          "lngE7" : 739909515
        } ]
      },
      "parkingEvent" : {
        "timestampMs" : "1592197601013",
        "location" : {
          "latitudeE7" : 152702896,
          "longitudeE7" : 739909808,
          "accuracyMetres" : 160,
          "sourceInfo" : {
            "deviceTag" : -1991925423
          }
        }
      }
    }
  }, {
    "placeVisit" : {
      "location" : {
        "latitudeE7" : 152707118,
        "longitudeE7" : 739909636,
        "placeId" : "ChIJf2gO7zayvzsRhcDmrr35aGg",
        "address" : "Gogol Housing Board\nMargao, Goa 403601\nIndia",
        "name" : "Dr. Rakhi Ghodge",
        "sourceInfo" : {
          "deviceTag" : -1991925423
        },
        "locationConfidence" : 45.765877
      },
      "duration" : {
        "startTimestampMs" : "1592197601013",
        "endTimestampMs" : "1592246055354"
      },
      "placeConfidence" : "MEDIUM_CONFIDENCE",
      "centerLatE7" : 152703014,
      "centerLngE7" : 739909329,
      "visitConfidence" : 65,
      "otherCandidateLocations" : [ {
        "latitudeE7" : 152702496,
        "longitudeE7" : 739909063,
        "placeId" : "ChIJVYrh8DayvzsRbPgGebcVI6w",
        "locationConfidence" : 17.10632
      }, {
        "latitudeE7" : 152701520,
        "longitudeE7" : 739913977,
        "placeId" : "ChIJvaXvQ5WzvzsR9dfADDdNEI0",
        "locationConfidence" : 11.468786
      }, {
        "latitudeE7" : 152703372,
        "longitudeE7" : 739912140,
        "placeId" : "ChIJj8BmYGqzvzsRZLyOgiRTEPk",
        "locationConfidence" : 8.174293
      }, {
        "latitudeE7" : 152697909,
        "longitudeE7" : 739890864,
        "placeId" : "ChIJdSD6gDayvzsRUn9nK6VEFD0",
        "locationConfidence" : 4.1986976
      }, {
        "latitudeE7" : 152704744,
        "longitudeE7" : 739894646,
        "placeId" : "ChIJSeWRhTayvzsRhneMXMTe3wA",
        "locationConfidence" : 4.16472
      }, {
        "latitudeE7" : 152697830,
        "longitudeE7" : 739888847,
        "placeId" : "ChIJg0yAKjSyvzsRhuto--Y4wik",
        "locationConfidence" : 2.9558508
      }, {
        "latitudeE7" : 152700251,
        "longitudeE7" : 739907730,
        "placeId" : "ChIJUx6X9jayvzsR5IH9TkaIe-g",
        "locationConfidence" : 1.6047043
      }, {
        "latitudeE7" : 152713777,
        "longitudeE7" : 739910011,
        "placeId" : "ChIJV6zfwjayvzsR1hNLXwHGsjU",
        "locationConfidence" : 1.3180528
      }, {
        "latitudeE7" : 152699422,
        "longitudeE7" : 739908229,
        "placeId" : "ChIJJQdn2FSzvzsRbBtmIOKf2vk",
        "locationConfidence" : 1.3107173
      } ],
      "editConfirmationStatus" : "NOT_CONFIRMED"
    }
  }, {
    "placeVisit" : {
      "location" : {
        "latitudeE7" : 152717547,
        "longitudeE7" : 739991739,
        "placeId" : "ChIJb7xdrMKzvzsR8LO55JiMf7Q",
        "address" : "BSH-3, Mugalli\nDavorlim Rd\nGogol Housing Board\nMargao, Goa 403709\nIndia",
        "name" : "DreamTravellers",
        "sourceInfo" : {
          "deviceTag" : -1991925423
        },
        "locationConfidence" : 47.43435
      },
      "duration" : {
        "startTimestampMs" : "1592246055354",
        "endTimestampMs" : "1592283070513"
      },
      "placeConfidence" : "MEDIUM_CONFIDENCE",
      "centerLatE7" : 152728930,
      "centerLngE7" : 739995056,
      "visitConfidence" : 61,
      "otherCandidateLocations" : [ {
        "latitudeE7" : 152731904,
        "longitudeE7" : 739984735,
        "placeId" : "ChIJ2SMJ2DuyvzsR0cNuNdK-g-c",
        "locationConfidence" : 24.219667
      }, {
        "latitudeE7" : 152717396,
        "longitudeE7" : 739992878,
        "placeId" : "ChIJKfuWPzmyvzsR7qXVj55TBww",
        "locationConfidence" : 9.456997
      }, {
        "latitudeE7" : 152730638,
        "longitudeE7" : 739967320,
        "placeId" : "ChIJ9cl8JzqyvzsRCTQgWwSK5zk",
        "locationConfidence" : 7.045311
      }, {
        "latitudeE7" : 152718262,
        "longitudeE7" : 739987788,
        "placeId" : "ChIJT_6ygqCzvzsR37QhjjToLHw",
        "locationConfidence" : 3.6190298
      }, {
        "latitudeE7" : 152732219,
        "longitudeE7" : 739968215,
        "placeId" : "ChIJczLjUbKzvzsR-Ii9HMuKoA4",
        "locationConfidence" : 2.8682337
      }, {
        "latitudeE7" : 152720920,
        "longitudeE7" : 739977910,
        "placeId" : "ChIJ6SNzdjmyvzsRtowBGJYdTCg",
        "locationConfidence" : 2.866921
      }, {
        "latitudeE7" : 152730332,
        "longitudeE7" : 739967365,
        "placeId" : "ChIJw0CFQ36zvzsRqcoSKhjA3BI",
        "locationConfidence" : 1.5602251
      }, {
        "latitudeE7" : 152730332,
        "longitudeE7" : 739967365,
        "placeId" : "ChIJ2zkKgXKzvzsRqNEiH2mko-8",
        "locationConfidence" : 0.92926866
      } ],
      "editConfirmationStatus" : "NOT_CONFIRMED"
    }
  }, {
    "placeVisit" : {
      "location" : {
        "latitudeE7" : 152707118,
        "longitudeE7" : 739909636,
        "placeId" : "ChIJf2gO7zayvzsRhcDmrr35aGg",
        "address" : "Gogol Housing Board\nMargao, Goa 403601\nIndia",
        "name" : "Dr. Rakhi Ghodge",
        "sourceInfo" : {
          "deviceTag" : -1991925423
        },
        "locationConfidence" : 31.323803
      },
      "duration" : {
        "startTimestampMs" : "1592283070513",
        "endTimestampMs" : "1592484562065"
      },
      "placeConfidence" : "MEDIUM_CONFIDENCE",
      "centerLatE7" : 152703000,
      "centerLngE7" : 739909820,
      "visitConfidence" : 63,
      "otherCandidateLocations" : [ {
        "latitudeE7" : 152702496,
        "longitudeE7" : 739909063,
        "placeId" : "ChIJVYrh8DayvzsRbPgGebcVI6w",
        "locationConfidence" : 18.686201
      }, {
        "latitudeE7" : 152701520,
        "longitudeE7" : 739913977,
        "placeId" : "ChIJvaXvQ5WzvzsR9dfADDdNEI0",
        "locationConfidence" : 16.40412
      }, {
        "latitudeE7" : 152703372,
        "longitudeE7" : 739912140,
        "placeId" : "ChIJj8BmYGqzvzsRZLyOgiRTEPk",
        "locationConfidence" : 12.300057
      }, {
        "latitudeE7" : 152697909,
        "longitudeE7" : 739890864,
        "placeId" : "ChIJdSD6gDayvzsRUn9nK6VEFD0",
        "locationConfidence" : 5.4694166
      }, {
        "latitudeE7" : 152704744,
        "longitudeE7" : 739894646,
        "placeId" : "ChIJSeWRhTayvzsRhneMXMTe3wA",
        "locationConfidence" : 4.427104
      }, {
        "latitudeE7" : 152697830,
        "longitudeE7" : 739888847,
        "placeId" : "ChIJg0yAKjSyvzsRhuto--Y4wik",
        "locationConfidence" : 3.0636072
      }, {
        "latitudeE7" : 152700251,
        "longitudeE7" : 739907730,
        "placeId" : "ChIJUx6X9jayvzsR5IH9TkaIe-g",
        "locationConfidence" : 2.3962262
      }, {
        "latitudeE7" : 152713777,
        "longitudeE7" : 739910011,
        "placeId" : "ChIJV6zfwjayvzsR1hNLXwHGsjU",
        "locationConfidence" : 1.7561914
      }, {
        "latitudeE7" : 152699422,
        "longitudeE7" : 739908229,
        "placeId" : "ChIJJQdn2FSzvzsRbBtmIOKf2vk",
        "locationConfidence" : 1.6524179
      } ],
      "editConfirmationStatus" : "NOT_CONFIRMED"
    }
  }, {
    "activitySegment" : {
      "startLocation" : {
        "latitudeE7" : 152728004,
        "longitudeE7" : 739996739,
        "sourceInfo" : {
          "deviceTag" : -1991925423
        }
      },
      "endLocation" : {
        "latitudeE7" : 152626783,
        "longitudeE7" : 739754450,
        "sourceInfo" : {
          "deviceTag" : -1991925423
        }
      },
      "duration" : {
        "startTimestampMs" : "1592484562065",
        "endTimestampMs" : "1592486083061"
      },
      "distance" : 2832,
      "activityType" : "IN_PASSENGER_VEHICLE",
      "confidence" : "LOW",
      "activities" : [ {
        "activityType" : "IN_PASSENGER_VEHICLE",
        "probability" : 39.98519778251648
      }, {
        "activityType" : "STILL",
        "probability" : 29.103627800941467
      }, {
        "activityType" : "WALKING",
        "probability" : 23.235386610031128
      }, {
        "activityType" : "MOTORCYCLING",
        "probability" : 6.928862631320953
      }, {
        "activityType" : "CYCLING",
        "probability" : 0.249338592402637
      }, {
        "activityType" : "RUNNING",
        "probability" : 0.19300782587379217
      }, {
        "activityType" : "FLYING",
        "probability" : 0.1462375745177269
      }, {
        "activityType" : "IN_BUS",
        "probability" : 0.10617953957989812
      }, {
        "activityType" : "IN_FERRY",
        "probability" : 0.024205652880482376
      }, {
        "activityType" : "IN_TRAIN",
        "probability" : 0.015421291755046695
      }, {
        "activityType" : "IN_SUBWAY",
        "probability" : 0.005401509770308621
      }, {
        "activityType" : "SAILING",
        "probability" : 0.005142285590409301
      }, {
        "activityType" : "SKIING",
        "probability" : 0.0018171585907111876
      }, {
        "activityType" : "IN_VEHICLE",
        "probability" : 1.3373288538787165E-4
      }, {
        "activityType" : "IN_TRAM",
        "probability" : 3.813603086655348E-5
      } ],
      "waypointPath" : {
        "waypoints" : [ {
          "latE7" : 152703170,
          "lngE7" : 739909515
        }, {
          "latE7" : 152716283,
          "lngE7" : 739787139
        }, {
          "latE7" : 152625255,
          "lngE7" : 739756240
        } ]
      },
      "parkingEvent" : {
        "timestampMs" : "1592486083061",
        "location" : {
          "latitudeE7" : 152626783,
          "longitudeE7" : 739754450,
          "accuracyMetres" : 160,
          "sourceInfo" : {
            "deviceTag" : -1991925423
          }
        }
      }
    }
  }, {
    "placeVisit" : {
      "location" : {
        "latitudeE7" : 152623226,
        "longitudeE7" : 739746236,
        "placeId" : "ChIJNUdp-7azvzsRiPY3_zAGr-c",
        "address" : "Sanscar Society\nMargao, Goa 403707",
        "name" : "403707",
        "sourceInfo" : {
          "deviceTag" : -1991925423
        },
        "locationConfidence" : 87.35255
      },
      "duration" : {
        "startTimestampMs" : "1592486083061",
        "endTimestampMs" : "1592505635456"
      },
      "placeConfidence" : "HIGH_CONFIDENCE",
      "centerLatE7" : 152612500,
      "centerLngE7" : 739729000,
      "visitConfidence" : 66,
      "otherCandidateLocations" : [ {
        "latitudeE7" : 152622268,
        "longitudeE7" : 739725231,
        "placeId" : "ChIJxedldgizvzsRWfnD55ffCNY",
        "locationConfidence" : 5.8263955
      }, {
        "latitudeE7" : 152608060,
        "longitudeE7" : 739744240,
        "placeId" : "ChIJI2bW2bazvzsRkaY7_tTx_ZY",
        "locationConfidence" : 2.5590084
      }, {
        "latitudeE7" : 152612031,
        "longitudeE7" : 739754658,
        "placeId" : "ChIJ0-SoiJGzvzsRr2iV0hMn2tg",
        "locationConfidence" : 2.3742146
      }, {
        "latitudeE7" : 152640273,
        "longitudeE7" : 739734330,
        "placeId" : "ChIJbZvG9I6zvzsRxJI6s9XRjrU",
        "locationConfidence" : 0.82884395
      }, {
        "latitudeE7" : 152635119,
        "longitudeE7" : 739748690,
        "placeId" : "ChIJGwzAUVyzvzsR9YVcSYsoA5w",
        "locationConfidence" : 0.635003
      } ],
      "editConfirmationStatus" : "NOT_CONFIRMED"
    }
  }, {
    "placeVisit" : {
      "location" : {
        "latitudeE7" : 152679090,
        "longitudeE7" : 739686890,
        "placeId" : "ChIJExF1rMezvzsR9PLnbSxkTlE",
        "address" : "Sanscar Society\nMargao, Goa 403601",
        "name" : "403601",
        "sourceInfo" : {
          "deviceTag" : -1991925423
        },
        "locationConfidence" : 45.467697
      },
      "duration" : {
        "startTimestampMs" : "1592505635456",
        "endTimestampMs" : "1592546467607"
      },
      "placeConfidence" : "MEDIUM_CONFIDENCE",
      "centerLatE7" : 152706400,
      "centerLngE7" : 739710567,
      "visitConfidence" : 82,
      "otherCandidateLocations" : [ {
        "latitudeE7" : 152676276,
        "longitudeE7" : 739710590,
        "placeId" : "ChIJLxU338ezvzsRY_uWwXYAJQo",
        "locationConfidence" : 23.885777
      }, {
        "latitudeE7" : 152704545,
        "longitudeE7" : 739714021,
        "placeId" : "ChIJ8SAupsizvzsROt6GUWNP_cU",
        "locationConfidence" : 13.245884
      }, {
        "latitudeE7" : 152724785,
        "longitudeE7" : 739709963,
        "placeId" : "ChIJj4X28MWzvzsRsoFQDf0WKpI",
        "locationConfidence" : 6.175211
      }, {
        "latitudeE7" : 152720135,
        "longitudeE7" : 739708139,
        "placeId" : "ChIJqe0lJuKzvzsRRwIl-UoGN8A",
        "locationConfidence" : 2.1195252
      }, {
        "latitudeE7" : 152708414,
        "longitudeE7" : 739720919,
        "placeId" : "ChIJoYQassizvzsR-er45kSzq7w",
        "locationConfidence" : 1.9803845
      }, {
        "latitudeE7" : 152705183,
        "longitudeE7" : 739714016,
        "placeId" : "ChIJ560aqcizvzsRx4vc2LgauiI",
        "locationConfidence" : 1.6560608
      }, {
        "latitudeE7" : 152706959,
        "longitudeE7" : 739727698,
        "placeId" : "ChIJX5U8yMizvzsRg46il7-rwy0",
        "locationConfidence" : 1.5301328
      }, {
        "latitudeE7" : 152704256,
        "longitudeE7" : 739705141,
        "placeId" : "ChIJAQAAEMazvzsRvAIEAZlQyi4",
        "locationConfidence" : 1.3103468
      }, {
        "latitudeE7" : 152709348,
        "longitudeE7" : 739713997,
        "placeId" : "ChIJM49AqsizvzsRnOOceZ-zk8A",
        "locationConfidence" : 0.8547876
      } ],
      "editConfirmationStatus" : "NOT_CONFIRMED"
    }
  }, {
    "placeVisit" : {
      "location" : {
        "latitudeE7" : 152623226,
        "longitudeE7" : 739746236,
        "placeId" : "ChIJNUdp-7azvzsRiPY3_zAGr-c",
        "address" : "Sanscar Society\nMargao, Goa 403707",
        "name" : "403707",
        "sourceInfo" : {
          "deviceTag" : -1991925423
        },
        "locationConfidence" : 69.05328
      },
      "duration" : {
        "startTimestampMs" : "1592546467607",
        "endTimestampMs" : "1592558585727"
      },
      "placeConfidence" : "HIGH_CONFIDENCE",
      "centerLatE7" : 152635582,
      "centerLngE7" : 739747818,
      "visitConfidence" : 63,
      "otherCandidateLocations" : [ {
        "latitudeE7" : 152635119,
        "longitudeE7" : 739748690,
        "placeId" : "ChIJGwzAUVyzvzsR9YVcSYsoA5w",
        "locationConfidence" : 11.692007
      }, {
        "latitudeE7" : 152622268,
        "longitudeE7" : 739725231,
        "placeId" : "ChIJxedldgizvzsRWfnD55ffCNY",
        "locationConfidence" : 4.554303
      }, {
        "latitudeE7" : 152631131,
        "longitudeE7" : 739759596,
        "placeId" : "ChIJy2vsFKKzvzsRdebuDfs3qcg",
        "locationConfidence" : 4.252038
      }, {
        "latitudeE7" : 152635374,
        "longitudeE7" : 739753092,
        "placeId" : "ChIJLxffef2zvzsRaFOpVShh4eQ",
        "locationConfidence" : 2.1981058
      }, {
        "latitudeE7" : 152644907,
        "longitudeE7" : 739762678,
        "placeId" : "ChIJXfqxErazvzsRHMTgg1fVj6U",
        "locationConfidence" : 2.0010679
      }, {
        "latitudeE7" : 152652039,
        "longitudeE7" : 739718646,
        "placeId" : "ChIJJ2HPoPezvzsRgj-kuCVKbTc",
        "locationConfidence" : 1.4889952
      }, {
        "latitudeE7" : 152630607,
        "longitudeE7" : 739759761,
        "placeId" : "ChIJA5vOB56zvzsRBMBpjvUcytk",
        "locationConfidence" : 1.210282
      }, {
        "latitudeE7" : 152643703,
        "longitudeE7" : 739754232,
        "placeId" : "ChIJibZ__BSzvzsRe-cJTDNSMzs",
        "locationConfidence" : 1.1517662
      }, {
        "latitudeE7" : 152638709,
        "longitudeE7" : 739778177,
        "placeId" : "ChIJXXGo2rWzvzsR6Wr0q3cKtlg",
        "locationConfidence" : 0.98466235
      } ],
      "editConfirmationStatus" : "NOT_CONFIRMED"
    }
  }, {
    "placeVisit" : {
      "location" : {
        "latitudeE7" : 152679090,
        "longitudeE7" : 739686890,
        "placeId" : "ChIJExF1rMezvzsR9PLnbSxkTlE",
        "address" : "Sanscar Society\nMargao, Goa 403601",
        "name" : "403601",
        "sourceInfo" : {
          "deviceTag" : -1991925423
        },
        "locationConfidence" : 69.12239
      },
      "duration" : {
        "startTimestampMs" : "1592558585727",
        "endTimestampMs" : "1592600207887"
      },
      "placeConfidence" : "HIGH_CONFIDENCE",
      "centerLatE7" : 152669200,
      "centerLngE7" : 739687333,
      "visitConfidence" : 66,
      "otherCandidateLocations" : [ {
        "latitudeE7" : 152676276,
        "longitudeE7" : 739710590,
        "placeId" : "ChIJLxU338ezvzsRY_uWwXYAJQo",
        "locationConfidence" : 26.352287
      }, {
        "latitudeE7" : 152659930,
        "longitudeE7" : 739707730,
        "placeId" : "ChIJ-Wqh-8ezvzsRi4rgI7DR2Vk",
        "locationConfidence" : 0.97701335
      }, {
        "latitudeE7" : 152688910,
        "longitudeE7" : 739656072,
        "placeId" : "ChIJDVLExcazvzsRs2fdXxleBKQ",
        "locationConfidence" : 0.93658936
      }, {
        "latitudeE7" : 152670850,
        "longitudeE7" : 739655416,
        "placeId" : "ChIJF_XwM8ezvzsRRw8qKjmeyeM",
        "locationConfidence" : 0.71130025
      }, {
        "latitudeE7" : 152687201,
        "longitudeE7" : 739686510,
        "placeId" : "ChIJi_9UptGzvzsRdQK_uei1Ego",
        "locationConfidence" : 0.5440295
      } ],
      "editConfirmationStatus" : "NOT_CONFIRMED"
    }
  }, {
    "placeVisit" : {
      "location" : {
        "latitudeE7" : 152724785,
        "longitudeE7" : 739709963,
        "placeId" : "ChIJj4X28MWzvzsRsoFQDf0WKpI",
        "address" : "Babu Naik Road, St. Sebastian Complex\nPandava Chapel\nOpposite Pandava Caves\nAquem Alto\nMargao, Goa 403601\nIndia",
        "name" : "St. Sebastian School",
        "sourceInfo" : {
          "deviceTag" : -1991925423
        },
        "locationConfidence" : 41.235508
      },
      "duration" : {
        "startTimestampMs" : "1592600207887",
        "endTimestampMs" : "1592632859650"
      },
      "placeConfidence" : "MEDIUM_CONFIDENCE",
      "centerLatE7" : 152713527,
      "centerLngE7" : 739710651,
      "visitConfidence" : 70,
      "otherCandidateLocations" : [ {
        "latitudeE7" : 152720135,
        "longitudeE7" : 739708139,
        "placeId" : "ChIJqe0lJuKzvzsRRwIl-UoGN8A",
        "locationConfidence" : 17.604944
      }, {
        "latitudeE7" : 152715987,
        "longitudeE7" : 739707896,
        "placeId" : "ChIJaZba-8WzvzsRW6TsUKWsDf8",
        "locationConfidence" : 7.9259953
      }, {
        "latitudeE7" : 152708414,
        "longitudeE7" : 739720919,
        "placeId" : "ChIJoYQassizvzsR-er45kSzq7w",
        "locationConfidence" : 7.6256056
      }, {
        "latitudeE7" : 152704545,
        "longitudeE7" : 739714021,
        "placeId" : "ChIJ8SAupsizvzsROt6GUWNP_cU",
        "locationConfidence" : 4.8194942
      }, {
        "latitudeE7" : 152706959,
        "longitudeE7" : 739727698,
        "placeId" : "ChIJX5U8yMizvzsRg46il7-rwy0",
        "locationConfidence" : 4.2108316
      }, {
        "latitudeE7" : 152720424,
        "longitudeE7" : 739703341,
        "placeId" : "ChIJSegvycWzvzsRkO_X4xfu6xw",
        "locationConfidence" : 3.037968
      }, {
        "latitudeE7" : 152712440,
        "longitudeE7" : 739713180,
        "placeId" : "ChIJQXVGVc-zvzsRcpGiU35sKuM",
        "locationConfidence" : 2.733307
      }, {
        "latitudeE7" : 152718896,
        "longitudeE7" : 739702403,
        "placeId" : "ChIJ_WAU8cWzvzsRaW1LsaZr3pQ",
        "locationConfidence" : 2.5714865
      }, {
        "latitudeE7" : 152714663,
        "longitudeE7" : 739704602,
        "placeId" : "ChIJvRyS78WzvzsRTHOmbsi1y2Y",
        "locationConfidence" : 2.0025496
      } ],
      "editConfirmationStatus" : "NOT_CONFIRMED"
    }
  }, {
    "placeVisit" : {
      "location" : {
        "latitudeE7" : 152708414,
        "longitudeE7" : 739720919,
        "placeId" : "ChIJoYQassizvzsR-er45kSzq7w",
        "address" : "Aquem ,Margao, Goa( South )\nOff Power House Road\nAquem\nMargao, Goa 403601\nIndia",
        "name" : "Royal Hospital",
        "sourceInfo" : {
          "deviceTag" : -1991925423
        },
        "locationConfidence" : 57.5006
      },
      "duration" : {
        "startTimestampMs" : "1592632859650",
        "endTimestampMs" : "1592639146409"
      },
      "placeConfidence" : "MEDIUM_CONFIDENCE",
      "centerLatE7" : 152709850,
      "centerLngE7" : 739718100,
      "visitConfidence" : 70,
      "otherCandidateLocations" : [ {
        "latitudeE7" : 152724785,
        "longitudeE7" : 739709963,
        "placeId" : "ChIJj4X28MWzvzsRsoFQDf0WKpI",
        "locationConfidence" : 24.948587
      }, {
        "latitudeE7" : 152704545,
        "longitudeE7" : 739714021,
        "placeId" : "ChIJ8SAupsizvzsROt6GUWNP_cU",
        "locationConfidence" : 3.4846601
      }, {
        "latitudeE7" : 152706959,
        "longitudeE7" : 739727698,
        "placeId" : "ChIJX5U8yMizvzsRg46il7-rwy0",
        "locationConfidence" : 3.232717
      }, {
        "latitudeE7" : 152720135,
        "longitudeE7" : 739708139,
        "placeId" : "ChIJqe0lJuKzvzsRRwIl-UoGN8A",
        "locationConfidence" : 3.0595355
      }, {
        "latitudeE7" : 152709348,
        "longitudeE7" : 739713997,
        "placeId" : "ChIJM49AqsizvzsRnOOceZ-zk8A",
        "locationConfidence" : 1.171899
      }, {
        "latitudeE7" : 152706801,
        "longitudeE7" : 739728486,
        "placeId" : "ChIJMzloyMizvzsRvkPF-bF0MXY",
        "locationConfidence" : 1.0205019
      }, {
        "latitudeE7" : 152712440,
        "longitudeE7" : 739713180,
        "placeId" : "ChIJQXVGVc-zvzsRcpGiU35sKuM",
        "locationConfidence" : 1.0194917
      }, {
        "latitudeE7" : 152720424,
        "longitudeE7" : 739703341,
        "placeId" : "ChIJSegvycWzvzsRkO_X4xfu6xw",
        "locationConfidence" : 0.84361875
      }, {
        "latitudeE7" : 152718896,
        "longitudeE7" : 739702403,
        "placeId" : "ChIJ_WAU8cWzvzsRaW1LsaZr3pQ",
        "locationConfidence" : 0.81304413
      } ],
      "editConfirmationStatus" : "NOT_CONFIRMED"
    }
  }, {
    "activitySegment" : {
      "startLocation" : {
        "latitudeE7" : 152671338,
        "longitudeE7" : 739683972,
        "sourceInfo" : {
          "deviceTag" : -1991925423
        }
      },
      "endLocation" : {
        "latitudeE7" : 152617834,
        "longitudeE7" : 739746420,
        "sourceInfo" : {
          "deviceTag" : -1991925423
        }
      },
      "duration" : {
        "startTimestampMs" : "1592639146409",
        "endTimestampMs" : "1592643858372"
      },
      "distance" : 568,
      "activityType" : "MOTORCYCLING",
      "confidence" : "LOW",
      "activities" : [ {
        "activityType" : "MOTORCYCLING",
        "probability" : 28.561392426490784
      }, {
        "activityType" : "STILL",
        "probability" : 23.77410978078842
      }, {
        "activityType" : "IN_PASSENGER_VEHICLE",
        "probability" : 23.38804453611374
      }, {
        "activityType" : "WALKING",
        "probability" : 21.851444244384766
      }, {
        "activityType" : "CYCLING",
        "probability" : 1.9104653969407082
      }, {
        "activityType" : "RUNNING",
        "probability" : 0.17213075188919902
      }, {
        "activityType" : "IN_FERRY",
        "probability" : 0.15457653207704425
      }, {
        "activityType" : "IN_BUS",
        "probability" : 0.06966685759834945
      }, {
        "activityType" : "IN_TRAIN",
        "probability" : 0.04473254957702011
      }, {
        "activityType" : "FLYING",
        "probability" : 0.02988907799590379
      }, {
        "activityType" : "SAILING",
        "probability" : 0.026011918089352548
      }, {
        "activityType" : "IN_SUBWAY",
        "probability" : 0.014209622167982161
      }, {
        "activityType" : "SKIING",
        "probability" : 0.0031598090572515503
      }, {
        "activityType" : "IN_VEHICLE",
        "probability" : 9.802419072002522E-5
      }, {
        "activityType" : "IN_TRAM",
        "probability" : 6.877157261442335E-5
      } ],
      "waypointPath" : {
        "waypoints" : [ {
          "latE7" : 152670526,
          "lngE7" : 739683609
        }, {
          "latE7" : 152647771,
          "lngE7" : 739778594
        }, {
          "latE7" : 152616243,
          "lngE7" : 739748306
        } ]
      }
    }
  }, {
    "placeVisit" : {
      "location" : {
        "latitudeE7" : 152623226,
        "longitudeE7" : 739746236,
        "placeId" : "ChIJNUdp-7azvzsRiPY3_zAGr-c",
        "address" : "Sanscar Society\nMargao, Goa 403707",
        "name" : "403707",
        "sourceInfo" : {
          "deviceTag" : -1991925423
        },
        "locationConfidence" : 89.04951
      },
      "duration" : {
        "startTimestampMs" : "1592643858372",
        "endTimestampMs" : "1592658723931"
      },
      "placeConfidence" : "HIGH_CONFIDENCE",
      "centerLatE7" : 152623300,
      "centerLngE7" : 739745967,
      "visitConfidence" : 63,
      "otherCandidateLocations" : [ {
        "latitudeE7" : 152612031,
        "longitudeE7" : 739754658,
        "placeId" : "ChIJ0-SoiJGzvzsRr2iV0hMn2tg",
        "locationConfidence" : 2.1794794
      }, {
        "latitudeE7" : 152622268,
        "longitudeE7" : 739725231,
        "placeId" : "ChIJxedldgizvzsRWfnD55ffCNY",
        "locationConfidence" : 1.8738104
      }, {
        "latitudeE7" : 152635119,
        "longitudeE7" : 739748690,
        "placeId" : "ChIJGwzAUVyzvzsR9YVcSYsoA5w",
        "locationConfidence" : 1.6200386
      }, {
        "latitudeE7" : 152608060,
        "longitudeE7" : 739744240,
        "placeId" : "ChIJI2bW2bazvzsRkaY7_tTx_ZY",
        "locationConfidence" : 1.1368232
      }, {
        "latitudeE7" : 152630607,
        "longitudeE7" : 739759761,
        "placeId" : "ChIJA5vOB56zvzsRBMBpjvUcytk",
        "locationConfidence" : 0.90283036
      }, {
        "latitudeE7" : 152635374,
        "longitudeE7" : 739753092,
        "placeId" : "ChIJLxffef2zvzsRaFOpVShh4eQ",
        "locationConfidence" : 0.85611814
      }, {
        "latitudeE7" : 152631131,
        "longitudeE7" : 739759596,
        "placeId" : "ChIJy2vsFKKzvzsRdebuDfs3qcg",
        "locationConfidence" : 0.74136156
      }, {
        "latitudeE7" : 152640273,
        "longitudeE7" : 739734330,
        "placeId" : "ChIJbZvG9I6zvzsRxJI6s9XRjrU",
        "locationConfidence" : 0.5895534
      }, {
        "latitudeE7" : 152643703,
        "longitudeE7" : 739754232,
        "placeId" : "ChIJibZ__BSzvzsRe-cJTDNSMzs",
        "locationConfidence" : 0.4610026
      } ],
      "editConfirmationStatus" : "NOT_CONFIRMED"
    }
  }, {
    "placeVisit" : {
      "location" : {
        "latitudeE7" : 152679090,
        "longitudeE7" : 739686890,
        "placeId" : "ChIJExF1rMezvzsR9PLnbSxkTlE",
        "address" : "Sanscar Society\nMargao, Goa 403601",
        "name" : "403601",
        "sourceInfo" : {
          "deviceTag" : -1991925423
        },
        "locationConfidence" : 76.869415
      },
      "duration" : {
        "startTimestampMs" : "1592658723931",
        "endTimestampMs" : "1592718490121"
      },
      "placeConfidence" : "HIGH_CONFIDENCE",
      "centerLatE7" : 152665800,
      "centerLngE7" : 739693167,
      "visitConfidence" : 71,
      "otherCandidateLocations" : [ {
        "latitudeE7" : 152676276,
        "longitudeE7" : 739710590,
        "placeId" : "ChIJLxU338ezvzsRY_uWwXYAJQo",
        "locationConfidence" : 18.378916
      }, {
        "latitudeE7" : 152659930,
        "longitudeE7" : 739707730,
        "placeId" : "ChIJ-Wqh-8ezvzsRi4rgI7DR2Vk",
        "locationConfidence" : 2.1053252
      }, {
        "latitudeE7" : 152664246,
        "longitudeE7" : 739692313,
        "placeId" : "ChIJJwEPhIWzvzsRb8cmah79Rwo",
        "locationConfidence" : 0.9712655
      }, {
        "latitudeE7" : 152688910,
        "longitudeE7" : 739656072,
        "placeId" : "ChIJDVLExcazvzsRs2fdXxleBKQ",
        "locationConfidence" : 0.45841807
      } ],
      "editConfirmationStatus" : "NOT_CONFIRMED"
    }
  }, {
    "placeVisit" : {
      "location" : {
        "latitudeE7" : 152623226,
        "longitudeE7" : 739746236,
        "placeId" : "ChIJNUdp-7azvzsRiPY3_zAGr-c",
        "address" : "Sanscar Society\nMargao, Goa 403707",
        "name" : "403707",
        "sourceInfo" : {
          "deviceTag" : -1991925423
        },
        "locationConfidence" : 83.48767
      },
      "duration" : {
        "startTimestampMs" : "1592718490121",
        "endTimestampMs" : "1593174898762"
      },
      "placeConfidence" : "HIGH_CONFIDENCE",
      "centerLatE7" : 152612541,
      "centerLngE7" : 739729025,
      "visitConfidence" : 58,
      "otherCandidateLocations" : [ {
        "latitudeE7" : 152622268,
        "longitudeE7" : 739725231,
        "placeId" : "ChIJxedldgizvzsRWfnD55ffCNY",
        "locationConfidence" : 8.064878
      }, {
        "latitudeE7" : 152612031,
        "longitudeE7" : 739754658,
        "placeId" : "ChIJ0-SoiJGzvzsRr2iV0hMn2tg",
        "locationConfidence" : 3.0089266
      }, {
        "latitudeE7" : 152608060,
        "longitudeE7" : 739744240,
        "placeId" : "ChIJI2bW2bazvzsRkaY7_tTx_ZY",
        "locationConfidence" : 2.6188707
      }, {
        "latitudeE7" : 152640273,
        "longitudeE7" : 739734330,
        "placeId" : "ChIJbZvG9I6zvzsRxJI6s9XRjrU",
        "locationConfidence" : 1.485818
      }, {
        "latitudeE7" : 152635119,
        "longitudeE7" : 739748690,
        "placeId" : "ChIJGwzAUVyzvzsR9YVcSYsoA5w",
        "locationConfidence" : 0.8466287
      }, {
        "latitudeE7" : 152606237,
        "longitudeE7" : 739744303,
        "placeId" : "ChIJycliLgWzvzsR8KVh6GRDAKg",
        "locationConfidence" : 0.48720604
      } ],
      "editConfirmationStatus" : "NOT_CONFIRMED"
    }
  }, {
    "activitySegment" : {
      "startLocation" : {
        "latitudeE7" : 152620427,
        "longitudeE7" : 739747383,
        "sourceInfo" : {
          "deviceTag" : -1991925423
        }
      },
      "endLocation" : {
        "latitudeE7" : 152703256,
        "longitudeE7" : 739910039,
        "sourceInfo" : {
          "deviceTag" : -1991925423
        }
      },
      "duration" : {
        "startTimestampMs" : "1593174898762",
        "endTimestampMs" : "1593175386232"
      },
      "distance" : 2055,
      "activityType" : "IN_PASSENGER_VEHICLE",
      "confidence" : "HIGH",
      "activities" : [ {
        "activityType" : "IN_PASSENGER_VEHICLE",
        "probability" : 89.20464515686035
      }, {
        "activityType" : "MOTORCYCLING",
        "probability" : 5.366741493344307
      }, {
        "activityType" : "WALKING",
        "probability" : 4.079407826066017
      }, {
        "activityType" : "CYCLING",
        "probability" : 0.4616574849933386
      }, {
        "activityType" : "STILL",
        "probability" : 0.35609991755336523
      }, {
        "activityType" : "RUNNING",
        "probability" : 0.17821580404415727
      }, {
        "activityType" : "IN_BUS",
        "probability" : 0.15815478982403874
      }, {
        "activityType" : "FLYING",
        "probability" : 0.0869471114128828
      }, {
        "activityType" : "IN_FERRY",
        "probability" : 0.07559930090792477
      }, {
        "activityType" : "SKIING",
        "probability" : 0.00999620315269567
      }, {
        "activityType" : "SAILING",
        "probability" : 0.009232410957338288
      }, {
        "activityType" : "IN_TRAIN",
        "probability" : 0.008126057218760252
      }, {
        "activityType" : "IN_SUBWAY",
        "probability" : 0.004570842065731995
      }, {
        "activityType" : "IN_TRAM",
        "probability" : 5.612515906250337E-4
      }, {
        "activityType" : "IN_VEHICLE",
        "probability" : 3.9793258110876195E-5
      } ],
      "waypointPath" : {
        "waypoints" : [ {
          "latE7" : 152617988,
          "lngE7" : 739749984
        }, {
          "latE7" : 152637653,
          "lngE7" : 739774246
        }, {
          "latE7" : 152703247,
          "lngE7" : 739909515
        } ]
      },
      "parkingEvent" : {
        "timestampMs" : "1593175448332",
        "location" : {
          "latitudeE7" : 152703114,
          "longitudeE7" : 739910024,
          "accuracyMetres" : 43
        }
      }
    }
  }, {
    "placeVisit" : {
      "location" : {
        "latitudeE7" : 152707118,
        "longitudeE7" : 739909636,
        "placeId" : "ChIJf2gO7zayvzsRhcDmrr35aGg",
        "address" : "Gogol Housing Board\nMargao, Goa 403601\nIndia",
        "name" : "Dr. Rakhi Ghodge",
        "sourceInfo" : {
          "deviceTag" : -1991925423
        },
        "locationConfidence" : 37.53483
      },
      "duration" : {
        "startTimestampMs" : "1593175386232",
        "endTimestampMs" : "1593260355574"
      },
      "placeConfidence" : "MEDIUM_CONFIDENCE",
      "centerLatE7" : 152704169,
      "centerLngE7" : 739908181,
      "visitConfidence" : 82,
      "otherCandidateLocations" : [ {
        "latitudeE7" : 152701520,
        "longitudeE7" : 739913977,
        "placeId" : "ChIJvaXvQ5WzvzsR9dfADDdNEI0",
        "locationConfidence" : 12.555231
      }, {
        "latitudeE7" : 152704744,
        "longitudeE7" : 739894646,
        "placeId" : "ChIJSeWRhTayvzsRhneMXMTe3wA",
        "locationConfidence" : 11.876861
      }, {
        "latitudeE7" : 152703372,
        "longitudeE7" : 739912140,
        "placeId" : "ChIJj8BmYGqzvzsRZLyOgiRTEPk",
        "locationConfidence" : 11.742046
      }, {
        "latitudeE7" : 152702496,
        "longitudeE7" : 739909063,
        "placeId" : "ChIJVYrh8DayvzsRbPgGebcVI6w",
        "locationConfidence" : 8.010748
      }, {
        "latitudeE7" : 152697909,
        "longitudeE7" : 739890864,
        "placeId" : "ChIJdSD6gDayvzsRUn9nK6VEFD0",
        "locationConfidence" : 6.669553
      }, {
        "latitudeE7" : 152697830,
        "longitudeE7" : 739888847,
        "placeId" : "ChIJg0yAKjSyvzsRhuto--Y4wik",
        "locationConfidence" : 2.9960053
      }, {
        "latitudeE7" : 152713777,
        "longitudeE7" : 739910011,
        "placeId" : "ChIJV6zfwjayvzsR1hNLXwHGsjU",
        "locationConfidence" : 2.4305882
      }, {
        "latitudeE7" : 152700251,
        "longitudeE7" : 739907730,
        "placeId" : "ChIJUx6X9jayvzsR5IH9TkaIe-g",
        "locationConfidence" : 1.7890204
      }, {
        "latitudeE7" : 152698511,
        "longitudeE7" : 739918181,
        "placeId" : "ChIJAQAAADeyvzsRNyJSBIk9fnE",
        "locationConfidence" : 1.7357144
      } ],
      "editConfirmationStatus" : "NOT_CONFIRMED"
    }
  }, {
    "placeVisit" : {
      "location" : {
        "latitudeE7" : 152703372,
        "longitudeE7" : 739912140,
        "placeId" : "ChIJj8BmYGqzvzsRZLyOgiRTEPk",
        "address" : "Shop No S-2, Dutt Mandir Temple Road, Next to Maruti Suzuki Chowgule Industries, Kutubana Village Davorlim Under Matriz No 63 Marea Cecilia Pereira Taluka Salc, Dist, Davorlim\nGogol Housing Board\nMargao, Goa 403707\nIndia",
        "name" : "Jio Point",
        "sourceInfo" : {
          "deviceTag" : -1991925423
        },
        "locationConfidence" : 28.032282
      },
      "duration" : {
        "startTimestampMs" : "1593260355574",
        "endTimestampMs" : "1593328527744"
      },
      "placeConfidence" : "MEDIUM_CONFIDENCE",
      "centerLatE7" : 152703076,
      "centerLngE7" : 739909805,
      "visitConfidence" : 79,
      "otherCandidateLocations" : [ {
        "latitudeE7" : 152702496,
        "longitudeE7" : 739909063,
        "placeId" : "ChIJVYrh8DayvzsRbPgGebcVI6w",
        "locationConfidence" : 25.370296
      }, {
        "latitudeE7" : 152701520,
        "longitudeE7" : 739913977,
        "placeId" : "ChIJvaXvQ5WzvzsR9dfADDdNEI0",
        "locationConfidence" : 17.876894
      }, {
        "latitudeE7" : 152704744,
        "longitudeE7" : 739894646,
        "placeId" : "ChIJSeWRhTayvzsRhneMXMTe3wA",
        "locationConfidence" : 13.7174
      }, {
        "latitudeE7" : 152707118,
        "longitudeE7" : 739909636,
        "placeId" : "ChIJf2gO7zayvzsRhcDmrr35aGg",
        "locationConfidence" : 4.377927
      }, {
        "latitudeE7" : 152699422,
        "longitudeE7" : 739908229,
        "placeId" : "ChIJJQdn2FSzvzsRbBtmIOKf2vk",
        "locationConfidence" : 2.6230612
      }, {
        "latitudeE7" : 152713777,
        "longitudeE7" : 739910011,
        "placeId" : "ChIJV6zfwjayvzsR1hNLXwHGsjU",
        "locationConfidence" : 1.8476012
      }, {
        "latitudeE7" : 152700251,
        "longitudeE7" : 739907730,
        "placeId" : "ChIJUx6X9jayvzsR5IH9TkaIe-g",
        "locationConfidence" : 1.5068828
      }, {
        "latitudeE7" : 152698511,
        "longitudeE7" : 739918181,
        "placeId" : "ChIJAQAAADeyvzsRNyJSBIk9fnE",
        "locationConfidence" : 1.4695143
      }, {
        "latitudeE7" : 152699220,
        "longitudeE7" : 739925540,
        "placeId" : "ChIJgaEACDeyvzsRVZKjic1HUck",
        "locationConfidence" : 1.3654522
      } ],
      "editConfirmationStatus" : "NOT_CONFIRMED"
    }
  }, {
    "activitySegment" : {
      "startLocation" : {
        "latitudeE7" : 152692289,
        "longitudeE7" : 739909158,
        "sourceInfo" : {
          "deviceTag" : -1991925423
        }
      },
      "endLocation" : {
        "latitudeE7" : 152740148,
        "longitudeE7" : 739589429,
        "sourceInfo" : {
          "deviceTag" : -1991925423
        }
      },
      "duration" : {
        "startTimestampMs" : "1593328527744",
        "endTimestampMs" : "1593329378827"
      },
      "distance" : 3573,
      "activityType" : "IN_PASSENGER_VEHICLE",
      "confidence" : "HIGH",
      "activities" : [ {
        "activityType" : "IN_PASSENGER_VEHICLE",
        "probability" : 81.83972239494324
      }, {
        "activityType" : "MOTORCYCLING",
        "probability" : 7.946320623159409
      }, {
        "activityType" : "STILL",
        "probability" : 6.0669779777526855
      }, {
        "activityType" : "WALKING",
        "probability" : 3.1820878386497498
      }, {
        "activityType" : "IN_BUS",
        "probability" : 0.5315704736858606
      }, {
        "activityType" : "FLYING",
        "probability" : 0.17547347815707326
      }, {
        "activityType" : "CYCLING",
        "probability" : 0.09941799798980355
      }, {
        "activityType" : "IN_TRAIN",
        "probability" : 0.054534367518499494
      }, {
        "activityType" : "IN_FERRY",
        "probability" : 0.050741242012009025
      }, {
        "activityType" : "RUNNING",
        "probability" : 0.029566051671281457
      }, {
        "activityType" : "IN_SUBWAY",
        "probability" : 0.019080039055552334
      }, {
        "activityType" : "SAILING",
        "probability" : 0.003394357190700248
      }, {
        "activityType" : "SKIING",
        "probability" : 7.656281923118513E-4
      }, {
        "activityType" : "IN_TRAM",
        "probability" : 2.045033625108772E-4
      }, {
        "activityType" : "IN_VEHICLE",
        "probability" : 1.392235162711586E-4
      } ],
      "waypointPath" : {
        "waypoints" : [ {
          "latE7" : 152703170,
          "lngE7" : 739909515
        }, {
          "latE7" : 152716283,
          "lngE7" : 739787139
        }, {
          "latE7" : 152742395,
          "lngE7" : 739586715
        } ]
      },
      "parkingEvent" : {
        "timestampMs" : "1593329517173",
        "location" : {
          "latitudeE7" : 152703163,
          "longitudeE7" : 739908998,
          "accuracyMetres" : 110
        }
      }
    }
  }, {
    "placeVisit" : {
      "location" : {
        "latitudeE7" : 152715854,
        "longitudeE7" : 739596776,
        "placeId" : "ChIJvTVLCcKzvzsRCdAOjqS9riM",
        "address" : "New gandhi market goa Gao\nNew Market\nMargao, Goa 403601\nIndia",
        "name" : "G.l formal shoes",
        "sourceInfo" : {
          "deviceTag" : -1991925423
        },
        "locationConfidence" : 32.530537
      },
      "duration" : {
        "startTimestampMs" : "1593329378827",
        "endTimestampMs" : "1593332350547"
      },
      "placeConfidence" : "LOW_CONFIDENCE",
      "childVisits" : [ {
        "location" : {
          "latitudeE7" : 152744762,
          "longitudeE7" : 739591526,
          "placeId" : "ChIJ0eQuHOizvzsR88THqQuMHtg",
          "address" : "Jigisha Building, Varde Valaulikar Road\nMargao\nopposite Cafe Tato\nPajifond\nGoa, 403601\nIndia",
          "name" : "Konkani Coastal Food Delicacy",
          "sourceInfo" : {
            "deviceTag" : -1991925423
          },
          "locationConfidence" : 5.558393
        },
        "duration" : {
          "startTimestampMs" : "1593329378827",
          "endTimestampMs" : "1593332350547"
        },
        "placeConfidence" : "LOW_CONFIDENCE",
        "centerLatE7" : 152740148,
        "centerLngE7" : 739589429,
        "visitConfidence" : 74,
        "otherCandidateLocations" : [ {
          "latitudeE7" : 152740060,
          "longitudeE7" : 739591230,
          "placeId" : "ChIJ0eQuHOizvzsRbXeSAm1toVo",
          "locationConfidence" : 4.2097435
        }, {
          "latitudeE7" : 152742567,
          "longitudeE7" : 739567731,
          "placeId" : "ChIJpW1PXuizvzsRtVPx5x45v8k",
          "locationConfidence" : 3.911673
        }, {
          "latitudeE7" : 152749465,
          "longitudeE7" : 739581760,
          "placeId" : "ChIJt74PE-izvzsRwW-dAJMW_FI",
          "locationConfidence" : 3.6761734
        }, {
          "latitudeE7" : 152743103,
          "longitudeE7" : 739589953,
          "placeId" : "ChIJTZ0GI-izvzsR_X5EUiWe15g",
          "locationConfidence" : 2.3353403
        }, {
          "latitudeE7" : 152740060,
          "longitudeE7" : 739591231,
          "placeId" : "ChIJh-LVJeizvzsRd1sLlwZOfQs",
          "locationConfidence" : 1.7563517
        }, {
          "latitudeE7" : 152748970,
          "longitudeE7" : 739593957,
          "placeId" : "ChIJ8dU-HuizvzsRUKD1BPdhG2o",
          "locationConfidence" : 1.6993955
        }, {
          "latitudeE7" : 152730271,
          "longitudeE7" : 739586564,
          "placeId" : "ChIJKVqPiSuyvzsRSi5fJSvMPyA",
          "locationConfidence" : 1.1600581
        }, {
          "latitudeE7" : 152719374,
          "longitudeE7" : 739609566,
          "placeId" : "ChIJe0xDFMKzvzsR18Yk5RQfjDg",
          "locationConfidence" : 0.91347545
        }, {
          "latitudeE7" : 152730146,
          "longitudeE7" : 739585434,
          "placeId" : "ChIJiZfszemzvzsRav3nCMmSUVM",
          "locationConfidence" : 0.7831139
        } ],
        "editConfirmationStatus" : "NOT_CONFIRMED"
      } ],
      "centerLatE7" : 152740148,
      "centerLngE7" : 739589429,
      "visitConfidence" : 74,
      "otherCandidateLocations" : [ {
        "latitudeE7" : 152744762,
        "longitudeE7" : 739591526,
        "placeId" : "ChIJ0eQuHOizvzsR88THqQuMHtg",
        "locationConfidence" : 11.661077
      }, {
        "latitudeE7" : 152740060,
        "longitudeE7" : 739591230,
        "placeId" : "ChIJ0eQuHOizvzsRbXeSAm1toVo",
        "locationConfidence" : 8.831714
      }, {
        "latitudeE7" : 152742567,
        "longitudeE7" : 739567731,
        "placeId" : "ChIJpW1PXuizvzsRtVPx5x45v8k",
        "locationConfidence" : 8.206386
      }, {
        "latitudeE7" : 152749465,
        "longitudeE7" : 739581760,
        "placeId" : "ChIJt74PE-izvzsRwW-dAJMW_FI",
        "locationConfidence" : 7.712326
      }, {
        "latitudeE7" : 152743103,
        "longitudeE7" : 739589953,
        "placeId" : "ChIJTZ0GI-izvzsR_X5EUiWe15g",
        "locationConfidence" : 4.899362
      }, {
        "latitudeE7" : 152740060,
        "longitudeE7" : 739591231,
        "placeId" : "ChIJh-LVJeizvzsRd1sLlwZOfQs",
        "locationConfidence" : 3.6846893
      }, {
        "latitudeE7" : 152748970,
        "longitudeE7" : 739593957,
        "placeId" : "ChIJ8dU-HuizvzsRUKD1BPdhG2o",
        "locationConfidence" : 3.5651996
      }, {
        "latitudeE7" : 152730271,
        "longitudeE7" : 739586564,
        "placeId" : "ChIJKVqPiSuyvzsRSi5fJSvMPyA",
        "locationConfidence" : 2.4337115
      }, {
        "latitudeE7" : 152719374,
        "longitudeE7" : 739609566,
        "placeId" : "ChIJe0xDFMKzvzsR18Yk5RQfjDg",
        "locationConfidence" : 1.9164004
      } ],
      "editConfirmationStatus" : "NOT_CONFIRMED"
    }
  }, {
    "activitySegment" : {
      "startLocation" : {
        "latitudeE7" : 152692289,
        "longitudeE7" : 739909158,
        "sourceInfo" : {
          "deviceTag" : -1991925423
        }
      },
      "endLocation" : {
        "latitudeE7" : 152711931,
        "longitudeE7" : 739883287,
        "sourceInfo" : {
          "deviceTag" : -1991925423
        }
      },
      "duration" : {
        "startTimestampMs" : "1593332350547",
        "endTimestampMs" : "1593333164745"
      },
      "distance" : 413,
      "activityType" : "IN_PASSENGER_VEHICLE",
      "confidence" : "HIGH",
      "activities" : [ {
        "activityType" : "IN_PASSENGER_VEHICLE",
        "probability" : 81.52152895927429
      }, {
        "activityType" : "MOTORCYCLING",
        "probability" : 7.323144376277924
      }, {
        "activityType" : "STILL",
        "probability" : 6.261252611875534
      }, {
        "activityType" : "WALKING",
        "probability" : 3.6838002502918243
      }, {
        "activityType" : "IN_BUS",
        "probability" : 0.7390858139842749
      }, {
        "activityType" : "FLYING",
        "probability" : 0.20635519176721573
      }, {
        "activityType" : "CYCLING",
        "probability" : 0.08961684070527554
      }, {
        "activityType" : "IN_TRAIN",
        "probability" : 0.06749618914909661
      }, {
        "activityType" : "IN_FERRY",
        "probability" : 0.046127112000249326
      }, {
        "activityType" : "RUNNING",
        "probability" : 0.031936552841216326
      }, {
        "activityType" : "IN_SUBWAY",
        "probability" : 0.02554412931203842
      }, {
        "activityType" : "SAILING",
        "probability" : 0.0030431885534198955
      }, {
        "activityType" : "SKIING",
        "probability" : 6.744619440723909E-4
      }, {
        "activityType" : "IN_TRAM",
        "probability" : 2.1974478841002565E-4
      }, {
        "activityType" : "IN_VEHICLE",
        "probability" : 1.7358000832246034E-4
      } ],
      "waypointPath" : {
        "waypoints" : [ {
          "latE7" : 152712211,
          "lngE7" : 739588241
        }, {
          "latE7" : 152718458,
          "lngE7" : 739786148
        }, {
          "latE7" : 152703170,
          "lngE7" : 739909515
        } ]
      },
      "parkingEvent" : {
        "timestampMs" : "1593333106172",
        "location" : {
          "latitudeE7" : 152703163,
          "longitudeE7" : 739908998,
          "accuracyMetres" : 160
        }
      }
    }
  }, {
    "placeVisit" : {
      "location" : {
        "latitudeE7" : 152707118,
        "longitudeE7" : 739909636,
        "placeId" : "ChIJf2gO7zayvzsRhcDmrr35aGg",
        "address" : "Gogol Housing Board\nMargao, Goa 403601\nIndia",
        "name" : "Dr. Rakhi Ghodge",
        "sourceInfo" : {
          "deviceTag" : -1991925423
        },
        "locationConfidence" : 27.31754
      },
      "duration" : {
        "startTimestampMs" : "1593333164745",
        "endTimestampMs" : "1593357831945"
      },
      "placeConfidence" : "MEDIUM_CONFIDENCE",
      "centerLatE7" : 152713267,
      "centerLngE7" : 739885667,
      "visitConfidence" : 74,
      "otherCandidateLocations" : [ {
        "latitudeE7" : 152704744,
        "longitudeE7" : 739894646,
        "placeId" : "ChIJSeWRhTayvzsRhneMXMTe3wA",
        "locationConfidence" : 24.659979
      }, {
        "latitudeE7" : 152697909,
        "longitudeE7" : 739890864,
        "placeId" : "ChIJdSD6gDayvzsRUn9nK6VEFD0",
        "locationConfidence" : 15.756954
      }, {
        "latitudeE7" : 152703372,
        "longitudeE7" : 739912140,
        "placeId" : "ChIJj8BmYGqzvzsRZLyOgiRTEPk",
        "locationConfidence" : 8.653768
      }, {
        "latitudeE7" : 152701520,
        "longitudeE7" : 739913977,
        "placeId" : "ChIJvaXvQ5WzvzsR9dfADDdNEI0",
        "locationConfidence" : 6.3002725
      }, {
        "latitudeE7" : 152710391,
        "longitudeE7" : 739889751,
        "placeId" : "ChIJAQAAADeyvzsR0b5NK-BZXWQ",
        "locationConfidence" : 5.196114
      }, {
        "latitudeE7" : 152697830,
        "longitudeE7" : 739888847,
        "placeId" : "ChIJg0yAKjSyvzsRhuto--Y4wik",
        "locationConfidence" : 4.640721
      }, {
        "latitudeE7" : 152702496,
        "longitudeE7" : 739909063,
        "placeId" : "ChIJVYrh8DayvzsRbPgGebcVI6w",
        "locationConfidence" : 2.1515913
      }, {
        "latitudeE7" : 152700251,
        "longitudeE7" : 739907730,
        "placeId" : "ChIJUx6X9jayvzsR5IH9TkaIe-g",
        "locationConfidence" : 1.5139765
      }, {
        "latitudeE7" : 152717429,
        "longitudeE7" : 739895605,
        "placeId" : "ChIJg2SIR8yzvzsR4tzSQpZqdcM",
        "locationConfidence" : 1.3132404
      } ],
      "editConfirmationStatus" : "NOT_CONFIRMED"
    }
  }, {
    "placeVisit" : {
      "location" : {
        "latitudeE7" : 152702496,
        "longitudeE7" : 739909063,
        "placeId" : "ChIJVYrh8DayvzsRbPgGebcVI6w",
        "address" : "Unnamed Road\nGogol Housing Board\nDavorlim, Goa 403601\nIndia",
        "name" : "Maa Durga Auto Spare Parts",
        "sourceInfo" : {
          "deviceTag" : -1991925423
        },
        "locationConfidence" : 28.443686
      },
      "duration" : {
        "startTimestampMs" : "1593357831945",
        "endTimestampMs" : "1593400859653"
      },
      "placeConfidence" : "MEDIUM_CONFIDENCE",
      "centerLatE7" : 152703077,
      "centerLngE7" : 739909454,
      "visitConfidence" : 82,
      "otherCandidateLocations" : [ {
        "latitudeE7" : 152703372,
        "longitudeE7" : 739912140,
        "placeId" : "ChIJj8BmYGqzvzsRZLyOgiRTEPk",
        "locationConfidence" : 22.233088
      }, {
        "latitudeE7" : 152704744,
        "longitudeE7" : 739894646,
        "placeId" : "ChIJSeWRhTayvzsRhneMXMTe3wA",
        "locationConfidence" : 16.879686
      }, {
        "latitudeE7" : 152701520,
        "longitudeE7" : 739913977,
        "placeId" : "ChIJvaXvQ5WzvzsR9dfADDdNEI0",
        "locationConfidence" : 15.141816
      }, {
        "latitudeE7" : 152707118,
        "longitudeE7" : 739909636,
        "placeId" : "ChIJf2gO7zayvzsRhcDmrr35aGg",
        "locationConfidence" : 7.25635
      }, {
        "latitudeE7" : 152699422,
        "longitudeE7" : 739908229,
        "placeId" : "ChIJJQdn2FSzvzsRbBtmIOKf2vk",
        "locationConfidence" : 2.6736684
      }, {
        "latitudeE7" : 152700251,
        "longitudeE7" : 739907730,
        "placeId" : "ChIJUx6X9jayvzsR5IH9TkaIe-g",
        "locationConfidence" : 1.9864147
      }, {
        "latitudeE7" : 152698511,
        "longitudeE7" : 739918181,
        "placeId" : "ChIJAQAAADeyvzsRNyJSBIk9fnE",
        "locationConfidence" : 1.8241756
      }, {
        "latitudeE7" : 152699220,
        "longitudeE7" : 739925540,
        "placeId" : "ChIJgaEACDeyvzsRVZKjic1HUck",
        "locationConfidence" : 1.2800825
      }, {
        "latitudeE7" : 152717429,
        "longitudeE7" : 739895605,
        "placeId" : "ChIJg2SIR8yzvzsR4tzSQpZqdcM",
        "locationConfidence" : 0.83172524
      } ],
      "editConfirmationStatus" : "NOT_CONFIRMED"
    }
  }, {
    "placeVisit" : {
      "location" : {
        "latitudeE7" : 152707118,
        "longitudeE7" : 739909636,
        "placeId" : "ChIJf2gO7zayvzsRhcDmrr35aGg",
        "address" : "Gogol Housing Board\nMargao, Goa 403601\nIndia",
        "name" : "Dr. Rakhi Ghodge",
        "sourceInfo" : {
          "deviceTag" : -1991925423
        },
        "locationConfidence" : 23.356283
      },
      "duration" : {
        "startTimestampMs" : "1593400859653",
        "endTimestampMs" : "1593441162135"
      },
      "placeConfidence" : "LOW_CONFIDENCE",
      "centerLatE7" : 152703748,
      "centerLngE7" : 739907556,
      "visitConfidence" : 86,
      "otherCandidateLocations" : [ {
        "latitudeE7" : 152703372,
        "longitudeE7" : 739912140,
        "placeId" : "ChIJj8BmYGqzvzsRZLyOgiRTEPk",
        "locationConfidence" : 23.26912
      }, {
        "latitudeE7" : 152702496,
        "longitudeE7" : 739909063,
        "placeId" : "ChIJVYrh8DayvzsRbPgGebcVI6w",
        "locationConfidence" : 14.358675
      }, {
        "latitudeE7" : 152704744,
        "longitudeE7" : 739894646,
        "placeId" : "ChIJSeWRhTayvzsRhneMXMTe3wA",
        "locationConfidence" : 10.936471
      }, {
        "latitudeE7" : 152697909,
        "longitudeE7" : 739890864,
        "placeId" : "ChIJdSD6gDayvzsRUn9nK6VEFD0",
        "locationConfidence" : 8.661318
      }, {
        "latitudeE7" : 152701520,
        "longitudeE7" : 739913977,
        "placeId" : "ChIJvaXvQ5WzvzsR9dfADDdNEI0",
        "locationConfidence" : 7.9484053
      }, {
        "latitudeE7" : 152700251,
        "longitudeE7" : 739907730,
        "placeId" : "ChIJUx6X9jayvzsR5IH9TkaIe-g",
        "locationConfidence" : 2.394473
      }, {
        "latitudeE7" : 152699422,
        "longitudeE7" : 739908229,
        "placeId" : "ChIJJQdn2FSzvzsRbBtmIOKf2vk",
        "locationConfidence" : 2.2884488
      }, {
        "latitudeE7" : 152713777,
        "longitudeE7" : 739910011,
        "placeId" : "ChIJV6zfwjayvzsR1hNLXwHGsjU",
        "locationConfidence" : 2.0215962
      }, {
        "latitudeE7" : 152698511,
        "longitudeE7" : 739918181,
        "placeId" : "ChIJAQAAADeyvzsRNyJSBIk9fnE",
        "locationConfidence" : 1.8565909
      } ],
      "editConfirmationStatus" : "NOT_CONFIRMED"
    }
  }, {
    "placeVisit" : {
      "location" : {
        "latitudeE7" : 152702496,
        "longitudeE7" : 739909063,
        "placeId" : "ChIJVYrh8DayvzsRbPgGebcVI6w",
        "address" : "Unnamed Road\nGogol Housing Board\nDavorlim, Goa 403601\nIndia",
        "name" : "Maa Durga Auto Spare Parts",
        "sourceInfo" : {
          "deviceTag" : -1991925423
        },
        "locationConfidence" : 22.749418
      },
      "duration" : {
        "startTimestampMs" : "1593441162135",
        "endTimestampMs" : "1593443547254"
      },
      "placeConfidence" : "LOW_CONFIDENCE",
      "centerLatE7" : 152703492,
      "centerLngE7" : 739908683,
      "visitConfidence" : 85,
      "otherCandidateLocations" : [ {
        "latitudeE7" : 152703372,
        "longitudeE7" : 739912140,
        "placeId" : "ChIJj8BmYGqzvzsRZLyOgiRTEPk",
        "locationConfidence" : 21.110086
      }, {
        "latitudeE7" : 152707118,
        "longitudeE7" : 739909636,
        "placeId" : "ChIJf2gO7zayvzsRhcDmrr35aGg",
        "locationConfidence" : 18.894379
      }, {
        "latitudeE7" : 152701520,
        "longitudeE7" : 739913977,
        "placeId" : "ChIJvaXvQ5WzvzsR9dfADDdNEI0",
        "locationConfidence" : 13.026929
      }, {
        "latitudeE7" : 152704744,
        "longitudeE7" : 739894646,
        "placeId" : "ChIJSeWRhTayvzsRhneMXMTe3wA",
        "locationConfidence" : 9.59591
      }, {
        "latitudeE7" : 152697909,
        "longitudeE7" : 739890864,
        "placeId" : "ChIJdSD6gDayvzsRUn9nK6VEFD0",
        "locationConfidence" : 5.867647
      }, {
        "latitudeE7" : 152699422,
        "longitudeE7" : 739908229,
        "placeId" : "ChIJJQdn2FSzvzsRbBtmIOKf2vk",
        "locationConfidence" : 2.1847658
      }, {
        "latitudeE7" : 152700251,
        "longitudeE7" : 739907730,
        "placeId" : "ChIJUx6X9jayvzsR5IH9TkaIe-g",
        "locationConfidence" : 1.6800047
      }, {
        "latitudeE7" : 152713777,
        "longitudeE7" : 739910011,
        "placeId" : "ChIJV6zfwjayvzsR1hNLXwHGsjU",
        "locationConfidence" : 1.6665207
      }, {
        "latitudeE7" : 152699539,
        "longitudeE7" : 739895122,
        "placeId" : "ChIJCS6YhuOzvzsRbLmSMj70QcY",
        "locationConfidence" : 1.1240399
      } ],
      "editConfirmationStatus" : "NOT_CONFIRMED"
    }
  }, {
    "placeVisit" : {
      "location" : {
        "latitudeE7" : 152703372,
        "longitudeE7" : 739912140,
        "placeId" : "ChIJj8BmYGqzvzsRZLyOgiRTEPk",
        "address" : "Shop No S-2, Dutt Mandir Temple Road, Next to Maruti Suzuki Chowgule Industries, Kutubana Village Davorlim Under Matriz No 63 Marea Cecilia Pereira Taluka Salc, Dist, Davorlim\nGogol Housing Board\nMargao, Goa 403707\nIndia",
        "name" : "Jio Point",
        "sourceInfo" : {
          "deviceTag" : -1991925423
        },
        "locationConfidence" : 26.688335
      },
      "duration" : {
        "startTimestampMs" : "1593443547254",
        "endTimestampMs" : "1593722223206"
      },
      "placeConfidence" : "LOW_CONFIDENCE",
      "centerLatE7" : 152702950,
      "centerLngE7" : 739910000,
      "visitConfidence" : 64,
      "otherCandidateLocations" : [ {
        "latitudeE7" : 152702496,
        "longitudeE7" : 739909063,
        "placeId" : "ChIJVYrh8DayvzsRbPgGebcVI6w",
        "locationConfidence" : 20.476488
      }, {
        "latitudeE7" : 152707118,
        "longitudeE7" : 739909636,
        "placeId" : "ChIJf2gO7zayvzsRhcDmrr35aGg",
        "locationConfidence" : 19.514378
      }, {
        "latitudeE7" : 152701520,
        "longitudeE7" : 739913977,
        "placeId" : "ChIJvaXvQ5WzvzsR9dfADDdNEI0",
        "locationConfidence" : 11.05569
      }, {
        "latitudeE7" : 152704744,
        "longitudeE7" : 739894646,
        "placeId" : "ChIJSeWRhTayvzsRhneMXMTe3wA",
        "locationConfidence" : 10.632726
      }, {
        "latitudeE7" : 152697830,
        "longitudeE7" : 739888847,
        "placeId" : "ChIJg0yAKjSyvzsRhuto--Y4wik",
        "locationConfidence" : 2.3548722
      }, {
        "latitudeE7" : 152713777,
        "longitudeE7" : 739910011,
        "placeId" : "ChIJV6zfwjayvzsR1hNLXwHGsjU",
        "locationConfidence" : 2.1965477
      }, {
        "latitudeE7" : 152700251,
        "longitudeE7" : 739907730,
        "placeId" : "ChIJUx6X9jayvzsR5IH9TkaIe-g",
        "locationConfidence" : 2.0793293
      }, {
        "latitudeE7" : 152699422,
        "longitudeE7" : 739908229,
        "placeId" : "ChIJJQdn2FSzvzsRbBtmIOKf2vk",
        "locationConfidence" : 1.7515678
      }, {
        "latitudeE7" : 152698511,
        "longitudeE7" : 739918181,
        "placeId" : "ChIJAQAAADeyvzsRNyJSBIk9fnE",
        "locationConfidence" : 1.4230065
      } ],
      "editConfirmationStatus" : "NOT_CONFIRMED"
    }
  } ]
}