{
  "timelineObjects" : [ {
    "placeVisit" : {
      "location" : {
        "latitudeE7" : 191694495,
        "longitudeE7" : 728808509,
        "placeId" : "ChIJUWnNfJm35zsR4cDvFxe8nJ8",
        "address" : "6-C\nIGIDR, Nagri Niwara Cooperative Housing Society, Goregaon\nMumbai, Maharashtra 400065\nIndia",
        "name" : "Lilly Building",
        "sourceInfo" : {
          "deviceTag" : -1991925423
        },
        "locationConfidence" : 40.149452
      },
      "duration" : {
        "startTimestampMs" : "1601537872972",
        "endTimestampMs" : "1601539562686"
      },
      "placeConfidence" : "LOW_CONFIDENCE",
      "centerLatE7" : 191695687,
      "centerLngE7" : 728811322,
      "visitConfidence" : 82,
      "otherCandidateLocations" : [ {
        "latitudeE7" : 191695614,
        "longitudeE7" : 728809662,
        "placeId" : "ChIJK-G8YZm35zsR4XugwvjVB8c",
        "locationConfidence" : 36.364044
      }, {
        "latitudeE7" : 191723540,
        "longitudeE7" : 728809820,
        "placeId" : "ChIJnUREgJ635zsRlAlpsnDUgWw",
        "locationConfidence" : 9.824042
      }, {
        "latitudeE7" : 191719589,
        "longitudeE7" : 728807167,
        "placeId" : "ChIJj4WdCe-35zsR4Pc2c6laoIU",
        "locationConfidence" : 4.6957946
      }, {
        "latitudeE7" : 191723610,
        "longitudeE7" : 728800100,
        "placeId" : "ChIJobN5vp635zsR-JhtEaBgx8w",
        "locationConfidence" : 1.6317865
      }, {
        "latitudeE7" : 191692026,
        "longitudeE7" : 728806937,
        "placeId" : "ChIJrzKJe5m35zsRnc5VCdsz_EY",
        "semanticType" : "TYPE_SEARCHED_ADDRESS",
        "locationConfidence" : 1.4191161
      }, {
        "latitudeE7" : 191699730,
        "longitudeE7" : 728813090,
        "placeId" : "ChIJM9Xh3pu35zsRLvm3WkgkaKQ",
        "locationConfidence" : 1.0504841
      }, {
        "latitudeE7" : 191689400,
        "longitudeE7" : 728811450,
        "placeId" : "ChIJ_TV21Zu35zsR6M0hMMBsErI",
        "locationConfidence" : 0.90194756
      }, {
        "latitudeE7" : 191700480,
        "longitudeE7" : 728814730,
        "placeId" : "ChIJhT8l2pu35zsRauKh_2LTtyI",
        "locationConfidence" : 0.89095736
      }, {
        "latitudeE7" : 191732020,
        "longitudeE7" : 728795970,
        "placeId" : "ChIJx4pL65635zsR3RXiR2CNNb8",
        "locationConfidence" : 0.5001859
      } ],
      "editConfirmationStatus" : "NOT_CONFIRMED"
    }
  }, {
    "placeVisit" : {
      "location" : {
        "latitudeE7" : 191699280,
        "longitudeE7" : 728809540,
        "placeId" : "ChIJK-G8YZm35zsR4XugwvjVB8c",
        "address" : "6B\nKrishna Society, Nagri Niwara Cooperative Housing Society, Goregaon\nMumbai, Maharashtra 400065\nIndia",
        "name" : "6B",
        "sourceInfo" : {
          "deviceTag" : -1991925423
        },
        "locationConfidence" : 47.305885
      },
      "duration" : {
        "startTimestampMs" : "1601539562686",
        "endTimestampMs" : "1601870502664"
      },
      "placeConfidence" : "MEDIUM_CONFIDENCE",
      "centerLatE7" : 191694730,
      "centerLngE7" : 728809762,
      "visitConfidence" : 89,
      "otherCandidateLocations" : [ {
        "latitudeE7" : 191694495,
        "longitudeE7" : 728808509,
        "placeId" : "ChIJUWnNfJm35zsR4cDvFxe8nJ8",
        "locationConfidence" : 46.293514
      }, {
        "latitudeE7" : 191723540,
        "longitudeE7" : 728809820,
        "placeId" : "ChIJnUREgJ635zsRlAlpsnDUgWw",
        "locationConfidence" : 1.8068997
      }, {
        "latitudeE7" : 191719589,
        "longitudeE7" : 728807167,
        "placeId" : "ChIJj4WdCe-35zsR4Pc2c6laoIU",
        "locationConfidence" : 1.2639505
      }, {
        "latitudeE7" : 191692026,
        "longitudeE7" : 728806937,
        "placeId" : "ChIJrzKJe5m35zsRnc5VCdsz_EY",
        "semanticType" : "TYPE_SEARCHED_ADDRESS",
        "locationConfidence" : 0.6777421
      }, {
        "latitudeE7" : 191700480,
        "longitudeE7" : 728814730,
        "placeId" : "ChIJhT8l2pu35zsRauKh_2LTtyI",
        "locationConfidence" : 0.62125444
      } ],
      "editConfirmationStatus" : "NOT_CONFIRMED"
    }
  }, {
    "activitySegment" : {
      "startLocation" : {
        "latitudeE7" : 191694211,
        "longitudeE7" : 728809676,
        "sourceInfo" : {
          "deviceTag" : -1991925423
        }
      },
      "endLocation" : {
        "latitudeE7" : 191712677,
        "longitudeE7" : 728753631,
        "sourceInfo" : {
          "deviceTag" : -1991925423
        }
      },
      "duration" : {
        "startTimestampMs" : "1601870502664",
        "endTimestampMs" : "1601872840887"
      },
      "distance" : 623,
      "activityType" : "WALKING",
      "confidence" : "LOW",
      "activities" : [ {
        "activityType" : "WALKING",
        "probability" : 48.10542166233063
      }, {
        "activityType" : "IN_PASSENGER_VEHICLE",
        "probability" : 17.82859116792679
      }, {
        "activityType" : "MOTORCYCLING",
        "probability" : 15.19555002450943
      }, {
        "activityType" : "STILL",
        "probability" : 10.367697477340698
      }, {
        "activityType" : "IN_BUS",
        "probability" : 5.759727209806442
      }, {
        "activityType" : "CYCLING",
        "probability" : 2.108601853251457
      }, {
        "activityType" : "RUNNING",
        "probability" : 0.2620102372020483
      }, {
        "activityType" : "IN_TRAIN",
        "probability" : 0.09778257226571441
      }, {
        "activityType" : "IN_SUBWAY",
        "probability" : 0.09623103542253375
      }, {
        "activityType" : "FLYING",
        "probability" : 0.09285396081395447
      }, {
        "activityType" : "IN_FERRY",
        "probability" : 0.05517359240911901
      }, {
        "activityType" : "SKIING",
        "probability" : 0.016076027532108128
      }, {
        "activityType" : "IN_TRAM",
        "probability" : 0.006806237070122734
      }, {
        "activityType" : "SAILING",
        "probability" : 0.005745149246649817
      }, {
        "activityType" : "IN_VEHICLE",
        "probability" : 0.0017320689948974177
      } ],
      "waypointPath" : {
        "waypoints" : [ {
          "latE7" : 191693954,
          "lngE7" : 728810272
        }, {
          "latE7" : 191690902,
          "lngE7" : 728786697
        }, {
          "latE7" : 191711292,
          "lngE7" : 728750991
        } ]
      }
    }
  }, {
    "placeVisit" : {
      "location" : {
        "latitudeE7" : 191694495,
        "longitudeE7" : 728808509,
        "placeId" : "ChIJUWnNfJm35zsR4cDvFxe8nJ8",
        "address" : "6-C\nIGIDR, Nagri Niwara Cooperative Housing Society, Goregaon\nMumbai, Maharashtra 400065\nIndia",
        "name" : "Lilly Building",
        "sourceInfo" : {
          "deviceTag" : -1991925423
        },
        "locationConfidence" : 27.844753
      },
      "duration" : {
        "startTimestampMs" : "1601872840887",
        "endTimestampMs" : "1602009848872"
      },
      "placeConfidence" : "MEDIUM_CONFIDENCE",
      "centerLatE7" : 191723833,
      "centerLngE7" : 728807767,
      "visitConfidence" : 83,
      "otherCandidateLocations" : [ {
        "latitudeE7" : 191699280,
        "longitudeE7" : 728809540,
        "placeId" : "ChIJK-G8YZm35zsR4XugwvjVB8c",
        "locationConfidence" : 27.602974
      }, {
        "latitudeE7" : 191723540,
        "longitudeE7" : 728809820,
        "placeId" : "ChIJnUREgJ635zsRlAlpsnDUgWw",
        "locationConfidence" : 14.662203
      }, {
        "latitudeE7" : 191719589,
        "longitudeE7" : 728807167,
        "placeId" : "ChIJj4WdCe-35zsR4Pc2c6laoIU",
        "locationConfidence" : 12.825184
      }, {
        "latitudeE7" : 191692026,
        "longitudeE7" : 728806937,
        "placeId" : "ChIJrzKJe5m35zsRnc5VCdsz_EY",
        "locationConfidence" : 3.6821735
      }, {
        "latitudeE7" : 191723610,
        "longitudeE7" : 728800100,
        "placeId" : "ChIJobN5vp635zsR-JhtEaBgx8w",
        "locationConfidence" : 2.6896732
      }, {
        "latitudeE7" : 191699730,
        "longitudeE7" : 728813090,
        "placeId" : "ChIJM9Xh3pu35zsRLvm3WkgkaKQ",
        "locationConfidence" : 1.5676895
      }, {
        "latitudeE7" : 191710215,
        "longitudeE7" : 728747009,
        "placeId" : "ChIJEZ0RBKK35zsRouT0EGnQwnw",
        "locationConfidence" : 1.4442339
      }, {
        "latitudeE7" : 191700480,
        "longitudeE7" : 728814730,
        "placeId" : "ChIJhT8l2pu35zsRauKh_2LTtyI",
        "locationConfidence" : 1.3482972
      }, {
        "latitudeE7" : 191689400,
        "longitudeE7" : 728811450,
        "placeId" : "ChIJ_TV21Zu35zsR6M0hMMBsErI",
        "locationConfidence" : 0.9832458
      } ],
      "editConfirmationStatus" : "NOT_CONFIRMED"
    }
  }, {
    "placeVisit" : {
      "location" : {
        "latitudeE7" : 191699280,
        "longitudeE7" : 728809540,
        "placeId" : "ChIJK-G8YZm35zsR4XugwvjVB8c",
        "address" : "6B\nKrishna Society, Nagri Niwara Cooperative Housing Society, Goregaon\nMumbai, Maharashtra 400065\nIndia",
        "name" : "6B",
        "sourceInfo" : {
          "deviceTag" : -1991925423
        },
        "locationConfidence" : 45.96397
      },
      "duration" : {
        "startTimestampMs" : "1602009848872",
        "endTimestampMs" : "1602606262695"
      },
      "placeConfidence" : "MEDIUM_CONFIDENCE",
      "centerLatE7" : 191694492,
      "centerLngE7" : 728809623,
      "visitConfidence" : 90,
      "otherCandidateLocations" : [ {
        "latitudeE7" : 191694495,
        "longitudeE7" : 728808509,
        "placeId" : "ChIJUWnNfJm35zsR4cDvFxe8nJ8",
        "locationConfidence" : 31.567686
      }, {
        "latitudeE7" : 191692026,
        "longitudeE7" : 728806937,
        "placeId" : "ChIJrzKJe5m35zsRnc5VCdsz_EY",
        "semanticType" : "TYPE_SEARCHED_ADDRESS",
        "locationConfidence" : 7.6148815
      }, {
        "latitudeE7" : 191719589,
        "longitudeE7" : 728807167,
        "placeId" : "ChIJj4WdCe-35zsR4Pc2c6laoIU",
        "locationConfidence" : 4.152616
      }, {
        "latitudeE7" : 191692026,
        "longitudeE7" : 728806937,
        "placeId" : "ChIJrzKJe5m35zsRu35CbcW14C0",
        "locationConfidence" : 3.0933766
      }, {
        "latitudeE7" : 191723540,
        "longitudeE7" : 728809820,
        "placeId" : "ChIJnUREgJ635zsRlAlpsnDUgWw",
        "locationConfidence" : 2.3967915
      }, {
        "latitudeE7" : 191689400,
        "longitudeE7" : 728811450,
        "placeId" : "ChIJ_TV21Zu35zsR6M0hMMBsErI",
        "locationConfidence" : 1.3095343
      }, {
        "latitudeE7" : 191700480,
        "longitudeE7" : 728814730,
        "placeId" : "ChIJhT8l2pu35zsRauKh_2LTtyI",
        "locationConfidence" : 0.84113413
      }, {
        "latitudeE7" : 191723610,
        "longitudeE7" : 728800100,
        "placeId" : "ChIJobN5vp635zsR-JhtEaBgx8w",
        "locationConfidence" : 0.5461988
      }, {
        "latitudeE7" : 191690580,
        "longitudeE7" : 728811430,
        "placeId" : "ChIJpd-3Ic635zsRhnfPH38rzy8",
        "locationConfidence" : 0.5181913
      } ],
      "editConfirmationStatus" : "NOT_CONFIRMED"
    }
  }, {
    "activitySegment" : {
      "startLocation" : {
        "latitudeE7" : 191721915,
        "longitudeE7" : 728812704,
        "sourceInfo" : {
          "deviceTag" : -1991925423
        }
      },
      "endLocation" : {
        "latitudeE7" : 191695524,
        "longitudeE7" : 728811989,
        "sourceInfo" : {
          "deviceTag" : -1991925423
        }
      },
      "duration" : {
        "startTimestampMs" : "1602606262695",
        "endTimestampMs" : "1602608231106"
      },
      "distance" : 293,
      "activityType" : "WALKING",
      "confidence" : "MEDIUM",
      "activities" : [ {
        "activityType" : "WALKING",
        "probability" : 69.61393356323242
      }, {
        "activityType" : "IN_PASSENGER_VEHICLE",
        "probability" : 17.59033203125
      }, {
        "activityType" : "STILL",
        "probability" : 7.517630606889725
      }, {
        "activityType" : "MOTORCYCLING",
        "probability" : 3.266802430152893
      }, {
        "activityType" : "IN_BUS",
        "probability" : 0.9056008420884609
      }, {
        "activityType" : "CYCLING",
        "probability" : 0.661013089120388
      }, {
        "activityType" : "RUNNING",
        "probability" : 0.23296545259654522
      }, {
        "activityType" : "IN_SUBWAY",
        "probability" : 0.0692979316227138
      }, {
        "activityType" : "FLYING",
        "probability" : 0.05960492417216301
      }, {
        "activityType" : "IN_TRAIN",
        "probability" : 0.038218341069296
      }, {
        "activityType" : "IN_FERRY",
        "probability" : 0.03231540322303772
      }, {
        "activityType" : "SKIING",
        "probability" : 0.006057590508135036
      }, {
        "activityType" : "SAILING",
        "probability" : 0.004616379374056123
      }, {
        "activityType" : "IN_TRAM",
        "probability" : 0.0014905655916663818
      }, {
        "activityType" : "IN_VEHICLE",
        "probability" : 1.1229589063077583E-4
      } ],
      "waypointPath" : {
        "waypoints" : [ {
          "latE7" : 191721916,
          "lngE7" : 728812408
        }, {
          "latE7" : 191696281,
          "lngE7" : 728813629
        }, {
          "latE7" : 191695289,
          "lngE7" : 728812026
        } ]
      }
    }
  }, {
    "placeVisit" : {
      "location" : {
        "latitudeE7" : 191699280,
        "longitudeE7" : 728809540,
        "placeId" : "ChIJK-G8YZm35zsR4XugwvjVB8c",
        "address" : "6B\nKrishna Society, Nagri Niwara Cooperative Housing Society, Goregaon\nMumbai, Maharashtra 400065\nIndia",
        "name" : "6B",
        "sourceInfo" : {
          "deviceTag" : -1991925423
        },
        "locationConfidence" : 63.92049
      },
      "duration" : {
        "startTimestampMs" : "1602608231106",
        "endTimestampMs" : "1602771602744"
      },
      "placeConfidence" : "HIGH_CONFIDENCE",
      "centerLatE7" : 191695060,
      "centerLngE7" : 728809549,
      "visitConfidence" : 93,
      "otherCandidateLocations" : [ {
        "latitudeE7" : 191694495,
        "longitudeE7" : 728808509,
        "placeId" : "ChIJUWnNfJm35zsR4cDvFxe8nJ8",
        "locationConfidence" : 14.698076
      }, {
        "latitudeE7" : 191692026,
        "longitudeE7" : 728806937,
        "placeId" : "ChIJrzKJe5m35zsRnc5VCdsz_EY",
        "semanticType" : "TYPE_SEARCHED_ADDRESS",
        "locationConfidence" : 10.608647
      }, {
        "latitudeE7" : 191692026,
        "longitudeE7" : 728806937,
        "placeId" : "ChIJrzKJe5m35zsRu35CbcW14C0",
        "locationConfidence" : 1.5561277
      }, {
        "latitudeE7" : 191689400,
        "longitudeE7" : 728811450,
        "placeId" : "ChIJ_TV21Zu35zsR6M0hMMBsErI",
        "locationConfidence" : 0.28571528
      } ],
      "editConfirmationStatus" : "NOT_CONFIRMED"
    }
  } ]
}