{
  "timelineObjects" : [ {
    "activitySegment" : {
      "startLocation" : {
        "latitudeE7" : 152615251,
        "longitudeE7" : 739748137,
        "sourceInfo" : {
          "deviceTag" : -1991925423
        }
      },
      "endLocation" : {
        "latitudeE7" : 152703435,
        "longitudeE7" : 739910354,
        "sourceInfo" : {
          "deviceTag" : -1991925423
        }
      },
      "duration" : {
        "startTimestampMs" : "1599057840357",
        "endTimestampMs" : "1599058463455"
      },
      "distance" : 2124,
      "activityType" : "IN_PASSENGER_VEHICLE",
      "confidence" : "MEDIUM",
      "activities" : [ {
        "activityType" : "IN_PASSENGER_VEHICLE",
        "probability" : 68.61804127693176
      }, {
        "activityType" : "MOTORCYCLING",
        "probability" : 26.199883222579956
      }, {
        "activityType" : "WALKING",
        "probability" : 3.0500508844852448
      }, {
        "activityType" : "STILL",
        "probability" : 0.8686927147209644
      }, {
        "activityType" : "CYCLING",
        "probability" : 0.784009974449873
      }, {
        "activityType" : "RUNNING",
        "probability" : 0.1801147824153304
      }, {
        "activityType" : "FLYING",
        "probability" : 0.13159738155081868
      }, {
        "activityType" : "IN_FERRY",
        "probability" : 0.0672189868055284
      }, {
        "activityType" : "IN_BUS",
        "probability" : 0.049735233187675476
      }, {
        "activityType" : "IN_TRAIN",
        "probability" : 0.03428088966757059
      }, {
        "activityType" : "SAILING",
        "probability" : 0.01152532859123312
      }, {
        "activityType" : "IN_SUBWAY",
        "probability" : 0.002918177779065445
      }, {
        "activityType" : "SKIING",
        "probability" : 0.0018374536011833698
      }, {
        "activityType" : "IN_TRAM",
        "probability" : 5.6374278756265994E-5
      }, {
        "activityType" : "IN_VEHICLE",
        "probability" : 3.799654564318189E-5
      } ],
      "waypointPath" : {
        "waypoints" : [ {
          "latE7" : 152615594,
          "lngE7" : 739747772
        }, {
          "latE7" : 152637653,
          "lngE7" : 739774246
        }, {
          "latE7" : 152703418,
          "lngE7" : 739909515
        } ]
      },
      "parkingEvent" : {
        "timestampMs" : "1599058519547",
        "location" : {
          "latitudeE7" : 152703330,
          "longitudeE7" : 739909337,
          "accuracyMetres" : 38
        }
      }
    }
  }, {
    "placeVisit" : {
      "location" : {
        "latitudeE7" : 152703268,
        "longitudeE7" : 739907391,
        "placeId" : "ChIJ_Uae8TayvzsRkjLr6fmz7WU",
        "address" : "Gogol Housing Board\nMargao, Goa 403601",
        "name" : "403601",
        "sourceInfo" : {
          "deviceTag" : -1991925423
        },
        "locationConfidence" : 57.123352
      },
      "duration" : {
        "startTimestampMs" : "1599058463455",
        "endTimestampMs" : "1599113972939"
      },
      "placeConfidence" : "MEDIUM_CONFIDENCE",
      "centerLatE7" : 152703542,
      "centerLngE7" : 739909482,
      "visitConfidence" : 85,
      "otherCandidateLocations" : [ {
        "latitudeE7" : 152703372,
        "longitudeE7" : 739912140,
        "placeId" : "ChIJj8BmYGqzvzsRZLyOgiRTEPk",
        "locationConfidence" : 21.610039
      }, {
        "latitudeE7" : 152702496,
        "longitudeE7" : 739909063,
        "placeId" : "ChIJVYrh8DayvzsRbPgGebcVI6w",
        "locationConfidence" : 4.8094697
      }, {
        "latitudeE7" : 152698511,
        "longitudeE7" : 739918181,
        "placeId" : "ChIJAQAAADeyvzsRNyJSBIk9fnE",
        "locationConfidence" : 4.3027606
      }, {
        "latitudeE7" : 152713461,
        "longitudeE7" : 739887161,
        "placeId" : "ChIJt_eBoDayvzsRoUF20xOHBpk",
        "locationConfidence" : 3.5948544
      }, {
        "latitudeE7" : 152701520,
        "longitudeE7" : 739913977,
        "placeId" : "ChIJvaXvQ5WzvzsR9dfADDdNEI0",
        "locationConfidence" : 3.4460564
      }, {
        "latitudeE7" : 152722568,
        "longitudeE7" : 739907282,
        "placeId" : "ChIJ2wfLyDayvzsR_2xy-srOWPQ",
        "locationConfidence" : 2.359611
      }, {
        "latitudeE7" : 152704744,
        "longitudeE7" : 739894646,
        "placeId" : "ChIJSeWRhTayvzsRhneMXMTe3wA",
        "locationConfidence" : 0.916454
      }, {
        "latitudeE7" : 152700271,
        "longitudeE7" : 739905906,
        "placeId" : "ChIJQ2zhQuWzvzsR0ic_AUCrrqc",
        "locationConfidence" : 0.6653285
      }, {
        "latitudeE7" : 152699422,
        "longitudeE7" : 739908229,
        "placeId" : "ChIJJQdn2FSzvzsRbBtmIOKf2vk",
        "locationConfidence" : 0.58199775
      } ],
      "editConfirmationStatus" : "NOT_CONFIRMED"
    }
  }, {
    "activitySegment" : {
      "startLocation" : {
        "latitudeE7" : 152703297,
        "longitudeE7" : 739910354,
        "sourceInfo" : {
          "deviceTag" : -1991925423
        }
      },
      "endLocation" : {
        "latitudeE7" : 152615391,
        "longitudeE7" : 739747778,
        "sourceInfo" : {
          "deviceTag" : -1991925423
        }
      },
      "duration" : {
        "startTimestampMs" : "1599113972939",
        "endTimestampMs" : "1599114749431"
      },
      "distance" : 2097,
      "activityType" : "MOTORCYCLING",
      "confidence" : "LOW",
      "activities" : [ {
        "activityType" : "MOTORCYCLING",
        "probability" : 46.87548577785492
      }, {
        "activityType" : "IN_PASSENGER_VEHICLE",
        "probability" : 41.387832164764404
      }, {
        "activityType" : "WALKING",
        "probability" : 7.153003662824631
      }, {
        "activityType" : "STILL",
        "probability" : 2.765367366373539
      }, {
        "activityType" : "CYCLING",
        "probability" : 0.9821180254220963
      }, {
        "activityType" : "RUNNING",
        "probability" : 0.38264698814600706
      }, {
        "activityType" : "IN_BUS",
        "probability" : 0.19469428807497025
      }, {
        "activityType" : "FLYING",
        "probability" : 0.16416484722867608
      }, {
        "activityType" : "IN_FERRY",
        "probability" : 0.05570854409597814
      }, {
        "activityType" : "IN_TRAIN",
        "probability" : 0.026443690876476467
      }, {
        "activityType" : "IN_SUBWAY",
        "probability" : 0.007304829341592267
      }, {
        "activityType" : "SAILING",
        "probability" : 0.003688869401230477
      }, {
        "activityType" : "SKIING",
        "probability" : 0.0014291021216195077
      }, {
        "activityType" : "IN_VEHICLE",
        "probability" : 8.927766543820326E-5
      }, {
        "activityType" : "IN_TRAM",
        "probability" : 2.4734899284339917E-5
      } ],
      "waypointPath" : {
        "waypoints" : [ {
          "latE7" : 152703275,
          "lngE7" : 739909515
        }, {
          "latE7" : 152716226,
          "lngE7" : 739786224
        }, {
          "latE7" : 152615489,
          "lngE7" : 739747619
        } ]
      },
      "parkingEvent" : {
        "timestampMs" : "1599114864530",
        "location" : {
          "latitudeE7" : 152703843,
          "longitudeE7" : 739889559,
          "accuracyMetres" : 152
        }
      }
    }
  }, {
    "placeVisit" : {
      "location" : {
        "latitudeE7" : 152703268,
        "longitudeE7" : 739907391,
        "placeId" : "ChIJ_Uae8TayvzsRkjLr6fmz7WU",
        "address" : "Gogol Housing Board\nMargao, Goa 403601",
        "name" : "403601",
        "sourceInfo" : {
          "deviceTag" : -1991925423
        },
        "locationConfidence" : 59.18954
      },
      "duration" : {
        "startTimestampMs" : "1599114749431",
        "endTimestampMs" : "1599116689161"
      },
      "placeConfidence" : "MEDIUM_CONFIDENCE",
      "centerLatE7" : 152703300,
      "centerLngE7" : 739910300,
      "visitConfidence" : 68,
      "otherCandidateLocations" : [ {
        "latitudeE7" : 152701520,
        "longitudeE7" : 739913977,
        "placeId" : "ChIJvaXvQ5WzvzsR9dfADDdNEI0",
        "locationConfidence" : 8.059399
      }, {
        "latitudeE7" : 152703372,
        "longitudeE7" : 739912140,
        "placeId" : "ChIJj8BmYGqzvzsRZLyOgiRTEPk",
        "locationConfidence" : 7.6423345
      }, {
        "latitudeE7" : 152702496,
        "longitudeE7" : 739909063,
        "placeId" : "ChIJVYrh8DayvzsRbPgGebcVI6w",
        "locationConfidence" : 4.880749
      }, {
        "latitudeE7" : 152713461,
        "longitudeE7" : 739887161,
        "placeId" : "ChIJt_eBoDayvzsRoUF20xOHBpk",
        "locationConfidence" : 4.860107
      }, {
        "latitudeE7" : 152698511,
        "longitudeE7" : 739918181,
        "placeId" : "ChIJAQAAADeyvzsRNyJSBIk9fnE",
        "locationConfidence" : 4.7518425
      }, {
        "latitudeE7" : 152722568,
        "longitudeE7" : 739907282,
        "placeId" : "ChIJ2wfLyDayvzsR_2xy-srOWPQ",
        "locationConfidence" : 3.7006772
      }, {
        "latitudeE7" : 152699422,
        "longitudeE7" : 739908229,
        "placeId" : "ChIJJQdn2FSzvzsRbBtmIOKf2vk",
        "locationConfidence" : 1.7317288
      }, {
        "latitudeE7" : 152704744,
        "longitudeE7" : 739894646,
        "placeId" : "ChIJSeWRhTayvzsRhneMXMTe3wA",
        "locationConfidence" : 1.647271
      }, {
        "latitudeE7" : 152697909,
        "longitudeE7" : 739890864,
        "placeId" : "ChIJdSD6gDayvzsRUn9nK6VEFD0",
        "locationConfidence" : 1.4754654
      } ],
      "editConfirmationStatus" : "NOT_CONFIRMED"
    }
  }, {
    "activitySegment" : {
      "startLocation" : {
        "latitudeE7" : 152703363,
        "longitudeE7" : 739910311,
        "sourceInfo" : {
          "deviceTag" : -1991925423
        }
      },
      "endLocation" : {
        "latitudeE7" : 152619764,
        "longitudeE7" : 739745880,
        "sourceInfo" : {
          "deviceTag" : -1991925423
        }
      },
      "duration" : {
        "startTimestampMs" : "1599116689161",
        "endTimestampMs" : "1599123008864"
      },
      "distance" : 1993,
      "activityType" : "MOTORCYCLING",
      "confidence" : "LOW",
      "activities" : [ {
        "activityType" : "MOTORCYCLING",
        "probability" : 42.662930488586426
      }, {
        "activityType" : "IN_PASSENGER_VEHICLE",
        "probability" : 35.344287753105164
      }, {
        "activityType" : "WALKING",
        "probability" : 10.568002611398697
      }, {
        "activityType" : "STILL",
        "probability" : 9.379519522190094
      }, {
        "activityType" : "CYCLING",
        "probability" : 1.5424460172653198
      }, {
        "activityType" : "RUNNING",
        "probability" : 0.2522016875445843
      }, {
        "activityType" : "IN_FERRY",
        "probability" : 0.09033548412844539
      }, {
        "activityType" : "IN_BUS",
        "probability" : 0.068866548826918
      }, {
        "activityType" : "FLYING",
        "probability" : 0.039605022175237536
      }, {
        "activityType" : "IN_TRAIN",
        "probability" : 0.023104627325665206
      }, {
        "activityType" : "SAILING",
        "probability" : 0.01379396126139909
      }, {
        "activityType" : "IN_SUBWAY",
        "probability" : 0.010785306949401274
      }, {
        "activityType" : "SKIING",
        "probability" : 0.004017822720925324
      }, {
        "activityType" : "IN_VEHICLE",
        "probability" : 6.157375764814788E-5
      }, {
        "activityType" : "IN_TRAM",
        "probability" : 3.8380912315005844E-5
      } ],
      "waypointPath" : {
        "waypoints" : [ {
          "latE7" : 152703342,
          "lngE7" : 739909515
        }, {
          "latE7" : 152716226,
          "lngE7" : 739786224
        }, {
          "latE7" : 152617025,
          "lngE7" : 739748992
        } ]
      },
      "parkingEvent" : {
        "timestampMs" : "1599123001275",
        "location" : {
          "latitudeE7" : 152666327,
          "longitudeE7" : 739841885,
          "accuracyMetres" : 132
        }
      }
    }
  }, {
    "placeVisit" : {
      "location" : {
        "latitudeE7" : 152625275,
        "longitudeE7" : 739743940,
        "placeId" : "ChIJjco2_LazvzsRqkM2u1ayngU",
        "address" : "Sanscar Society\nMargao, Goa 403707",
        "name" : "403707",
        "sourceInfo" : {
          "deviceTag" : -1991925423
        },
        "locationConfidence" : 46.13178
      },
      "duration" : {
        "startTimestampMs" : "1599123008864",
        "endTimestampMs" : "1599144523789"
      },
      "placeConfidence" : "MEDIUM_CONFIDENCE",
      "centerLatE7" : 152624233,
      "centerLngE7" : 739745767,
      "visitConfidence" : 71,
      "otherCandidateLocations" : [ {
        "latitudeE7" : 152621965,
        "longitudeE7" : 739745712,
        "placeId" : "ChIJNUdp-7azvzsRiPY3_zAGr-c",
        "locationConfidence" : 38.351337
      }, {
        "latitudeE7" : 152612031,
        "longitudeE7" : 739754658,
        "placeId" : "ChIJ0-SoiJGzvzsRr2iV0hMn2tg",
        "locationConfidence" : 5.5536737
      }, {
        "latitudeE7" : 152606649,
        "longitudeE7" : 739765585,
        "placeId" : "ChIJ59y9sLazvzsR81GeNVhGG6E",
        "locationConfidence" : 3.5575712
      }, {
        "latitudeE7" : 152622268,
        "longitudeE7" : 739725231,
        "placeId" : "ChIJxedldgizvzsRWfnD55ffCNY",
        "locationConfidence" : 1.2473001
      }, {
        "latitudeE7" : 152635119,
        "longitudeE7" : 739748690,
        "placeId" : "ChIJGwzAUVyzvzsR9YVcSYsoA5w",
        "locationConfidence" : 1.2294513
      }, {
        "latitudeE7" : 152631131,
        "longitudeE7" : 739759596,
        "placeId" : "ChIJy2vsFKKzvzsRdebuDfs3qcg",
        "locationConfidence" : 1.0299343
      }, {
        "latitudeE7" : 152631474,
        "longitudeE7" : 739758460,
        "placeId" : "ChIJX5U8yMizvzsRg46il7-rwy0",
        "locationConfidence" : 1.0077775
      }, {
        "latitudeE7" : 152635374,
        "longitudeE7" : 739753092,
        "placeId" : "ChIJLxffef2zvzsRaFOpVShh4eQ",
        "locationConfidence" : 0.8059791
      } ],
      "editConfirmationStatus" : "NOT_CONFIRMED"
    }
  }, {
    "placeVisit" : {
      "location" : {
        "latitudeE7" : 152623226,
        "longitudeE7" : 739746236,
        "placeId" : "ChIJNUdp-7azvzsRiPY3_zAGr-c",
        "address" : "Sanscar Society\nMargao, Goa 403707",
        "name" : "403707",
        "sourceInfo" : {
          "deviceTag" : -1991925423
        },
        "locationConfidence" : 44.235554
      },
      "duration" : {
        "startTimestampMs" : "1599144523789",
        "endTimestampMs" : "1599294274059"
      },
      "placeConfidence" : "MEDIUM_CONFIDENCE",
      "centerLatE7" : 152615300,
      "centerLngE7" : 739747700,
      "visitConfidence" : 77,
      "otherCandidateLocations" : [ {
        "latitudeE7" : 152623234,
        "longitudeE7" : 739743195,
        "placeId" : "ChIJjco2_LazvzsRqkM2u1ayngU",
        "locationConfidence" : 25.088638
      }, {
        "latitudeE7" : 152612031,
        "longitudeE7" : 739754658,
        "placeId" : "ChIJ0-SoiJGzvzsRr2iV0hMn2tg",
        "locationConfidence" : 17.299988
      }, {
        "latitudeE7" : 152606649,
        "longitudeE7" : 739765585,
        "placeId" : "ChIJ59y9sLazvzsR81GeNVhGG6E",
        "locationConfidence" : 7.3650317
      }, {
        "latitudeE7" : 152635374,
        "longitudeE7" : 739753092,
        "placeId" : "ChIJLxffef2zvzsRaFOpVShh4eQ",
        "locationConfidence" : 1.537473
      }, {
        "latitudeE7" : 152614890,
        "longitudeE7" : 739751937,
        "placeId" : "ChIJydfyNSmzvzsRRkL76s7F2Hk",
        "locationConfidence" : 1.3760747
      }, {
        "latitudeE7" : 152631131,
        "longitudeE7" : 739759596,
        "placeId" : "ChIJy2vsFKKzvzsRdebuDfs3qcg",
        "locationConfidence" : 1.1220713
      }, {
        "latitudeE7" : 152591880,
        "longitudeE7" : 739766600,
        "placeId" : "ChIJ7WaLW7GzvzsRUAeAEzQb-50",
        "locationConfidence" : 0.70928484
      }, {
        "latitudeE7" : 152627101,
        "longitudeE7" : 739732829,
        "placeId" : "ChIJ7S-ycRuzvzsROPYyMrivLz0",
        "locationConfidence" : 0.45911977
      } ],
      "editConfirmationStatus" : "NOT_CONFIRMED"
    }
  }, {
    "placeVisit" : {
      "location" : {
        "latitudeE7" : 152625275,
        "longitudeE7" : 739743940,
        "placeId" : "ChIJjco2_LazvzsRqkM2u1ayngU",
        "address" : "Sanscar Society\nMargao, Goa 403707",
        "name" : "403707",
        "sourceInfo" : {
          "deviceTag" : -1991925423
        },
        "locationConfidence" : 44.979034
      },
      "duration" : {
        "startTimestampMs" : "1599294274059",
        "endTimestampMs" : "1599330731024"
      },
      "placeConfidence" : "MEDIUM_CONFIDENCE",
      "centerLatE7" : 152626070,
      "centerLngE7" : 739748140,
      "visitConfidence" : 71,
      "otherCandidateLocations" : [ {
        "latitudeE7" : 152621965,
        "longitudeE7" : 739745712,
        "placeId" : "ChIJNUdp-7azvzsRiPY3_zAGr-c",
        "locationConfidence" : 40.620846
      }, {
        "latitudeE7" : 152606649,
        "longitudeE7" : 739765585,
        "placeId" : "ChIJ59y9sLazvzsR81GeNVhGG6E",
        "locationConfidence" : 4.0862436
      }, {
        "latitudeE7" : 152612031,
        "longitudeE7" : 739754658,
        "placeId" : "ChIJ0-SoiJGzvzsRr2iV0hMn2tg",
        "locationConfidence" : 1.820853
      }, {
        "latitudeE7" : 152635119,
        "longitudeE7" : 739748690,
        "placeId" : "ChIJGwzAUVyzvzsR9YVcSYsoA5w",
        "locationConfidence" : 1.7385027
      }, {
        "latitudeE7" : 152631131,
        "longitudeE7" : 739759596,
        "placeId" : "ChIJy2vsFKKzvzsRdebuDfs3qcg",
        "locationConfidence" : 1.5894687
      }, {
        "latitudeE7" : 152631474,
        "longitudeE7" : 739758460,
        "placeId" : "ChIJX5U8yMizvzsRg46il7-rwy0",
        "locationConfidence" : 1.4155524
      }, {
        "latitudeE7" : 152622268,
        "longitudeE7" : 739725231,
        "placeId" : "ChIJxedldgizvzsRWfnD55ffCNY",
        "locationConfidence" : 1.3332423
      }, {
        "latitudeE7" : 152635374,
        "longitudeE7" : 739753092,
        "placeId" : "ChIJLxffef2zvzsRaFOpVShh4eQ",
        "locationConfidence" : 1.063573
      }, {
        "latitudeE7" : 152643703,
        "longitudeE7" : 739754232,
        "placeId" : "ChIJibZ__BSzvzsRe-cJTDNSMzs",
        "locationConfidence" : 0.51491344
      } ],
      "editConfirmationStatus" : "NOT_CONFIRMED"
    }
  }, {
    "placeVisit" : {
      "location" : {
        "latitudeE7" : 152623226,
        "longitudeE7" : 739746236,
        "placeId" : "ChIJNUdp-7azvzsRiPY3_zAGr-c",
        "address" : "Sanscar Society\nMargao, Goa 403707",
        "name" : "403707",
        "sourceInfo" : {
          "deviceTag" : -1991925423
        },
        "locationConfidence" : 41.6617
      },
      "duration" : {
        "startTimestampMs" : "1599330731024",
        "endTimestampMs" : "1599381649192"
      },
      "placeConfidence" : "MEDIUM_CONFIDENCE",
      "centerLatE7" : 152623825,
      "centerLngE7" : 739748362,
      "visitConfidence" : 70,
      "otherCandidateLocations" : [ {
        "latitudeE7" : 152623234,
        "longitudeE7" : 739743195,
        "placeId" : "ChIJjco2_LazvzsRqkM2u1ayngU",
        "locationConfidence" : 23.885866
      }, {
        "latitudeE7" : 152631474,
        "longitudeE7" : 739758460,
        "placeId" : "ChIJX5U8yMizvzsRg46il7-rwy0",
        "locationConfidence" : 10.324412
      }, {
        "latitudeE7" : 152606649,
        "longitudeE7" : 739765585,
        "placeId" : "ChIJ59y9sLazvzsR81GeNVhGG6E",
        "locationConfidence" : 7.823718
      }, {
        "latitudeE7" : 152622268,
        "longitudeE7" : 739725231,
        "placeId" : "ChIJxedldgizvzsRWfnD55ffCNY",
        "locationConfidence" : 5.8811836
      }, {
        "latitudeE7" : 152612031,
        "longitudeE7" : 739754658,
        "placeId" : "ChIJ0-SoiJGzvzsRr2iV0hMn2tg",
        "locationConfidence" : 2.8751137
      }, {
        "latitudeE7" : 152631131,
        "longitudeE7" : 739759596,
        "placeId" : "ChIJy2vsFKKzvzsRdebuDfs3qcg",
        "locationConfidence" : 2.7400444
      }, {
        "latitudeE7" : 152635374,
        "longitudeE7" : 739753092,
        "placeId" : "ChIJLxffef2zvzsRaFOpVShh4eQ",
        "locationConfidence" : 1.9010963
      }, {
        "latitudeE7" : 152630607,
        "longitudeE7" : 739759761,
        "placeId" : "ChIJA5vOB56zvzsRBMBpjvUcytk",
        "locationConfidence" : 1.0049882
      }, {
        "latitudeE7" : 152643703,
        "longitudeE7" : 739754232,
        "placeId" : "ChIJibZ__BSzvzsRe-cJTDNSMzs",
        "locationConfidence" : 0.88813806
      } ],
      "editConfirmationStatus" : "NOT_CONFIRMED"
    }
  }, {
    "placeVisit" : {
      "location" : {
        "latitudeE7" : 152625275,
        "longitudeE7" : 739743940,
        "placeId" : "ChIJjco2_LazvzsRqkM2u1ayngU",
        "address" : "Sanscar Society\nMargao, Goa 403707",
        "name" : "403707",
        "sourceInfo" : {
          "deviceTag" : -1991925423
        },
        "locationConfidence" : 45.522415
      },
      "duration" : {
        "startTimestampMs" : "1599381649192",
        "endTimestampMs" : "1599409040405"
      },
      "placeConfidence" : "MEDIUM_CONFIDENCE",
      "centerLatE7" : 152625162,
      "centerLngE7" : 739746250,
      "visitConfidence" : 69,
      "otherCandidateLocations" : [ {
        "latitudeE7" : 152621965,
        "longitudeE7" : 739745712,
        "placeId" : "ChIJNUdp-7azvzsRiPY3_zAGr-c",
        "locationConfidence" : 38.78126
      }, {
        "latitudeE7" : 152606649,
        "longitudeE7" : 739765585,
        "placeId" : "ChIJ59y9sLazvzsR81GeNVhGG6E",
        "locationConfidence" : 4.6622396
      }, {
        "latitudeE7" : 152612031,
        "longitudeE7" : 739754658,
        "placeId" : "ChIJ0-SoiJGzvzsRr2iV0hMn2tg",
        "locationConfidence" : 2.1341033
      }, {
        "latitudeE7" : 152622268,
        "longitudeE7" : 739725231,
        "placeId" : "ChIJxedldgizvzsRWfnD55ffCNY",
        "locationConfidence" : 1.7436842
      }, {
        "latitudeE7" : 152631131,
        "longitudeE7" : 739759596,
        "placeId" : "ChIJy2vsFKKzvzsRdebuDfs3qcg",
        "locationConfidence" : 1.6627611
      }, {
        "latitudeE7" : 152635119,
        "longitudeE7" : 739748690,
        "placeId" : "ChIJGwzAUVyzvzsR9YVcSYsoA5w",
        "locationConfidence" : 1.5478475
      }, {
        "latitudeE7" : 152631474,
        "longitudeE7" : 739758460,
        "placeId" : "ChIJX5U8yMizvzsRg46il7-rwy0",
        "locationConfidence" : 1.518013
      }, {
        "latitudeE7" : 152635374,
        "longitudeE7" : 739753092,
        "placeId" : "ChIJLxffef2zvzsRaFOpVShh4eQ",
        "locationConfidence" : 0.9882398
      }, {
        "latitudeE7" : 152640273,
        "longitudeE7" : 739734330,
        "placeId" : "ChIJbZvG9I6zvzsRxJI6s9XRjrU",
        "locationConfidence" : 0.51123756
      } ],
      "editConfirmationStatus" : "NOT_CONFIRMED"
    }
  }, {
    "placeVisit" : {
      "location" : {
        "latitudeE7" : 152623226,
        "longitudeE7" : 739746236,
        "placeId" : "ChIJNUdp-7azvzsRiPY3_zAGr-c",
        "address" : "Sanscar Society\nMargao, Goa 403707",
        "name" : "403707",
        "sourceInfo" : {
          "deviceTag" : -1991925423
        },
        "locationConfidence" : 37.064323
      },
      "duration" : {
        "startTimestampMs" : "1599409040405",
        "endTimestampMs" : "1599428224054"
      },
      "placeConfidence" : "MEDIUM_CONFIDENCE",
      "centerLatE7" : 152630825,
      "centerLngE7" : 739749050,
      "visitConfidence" : 72,
      "otherCandidateLocations" : [ {
        "latitudeE7" : 152623234,
        "longitudeE7" : 739743195,
        "placeId" : "ChIJjco2_LazvzsRqkM2u1ayngU",
        "locationConfidence" : 30.521925
      }, {
        "latitudeE7" : 152631474,
        "longitudeE7" : 739758460,
        "placeId" : "ChIJX5U8yMizvzsRg46il7-rwy0",
        "locationConfidence" : 9.3329525
      }, {
        "latitudeE7" : 152606649,
        "longitudeE7" : 739765585,
        "placeId" : "ChIJ59y9sLazvzsR81GeNVhGG6E",
        "locationConfidence" : 5.814107
      }, {
        "latitudeE7" : 152622268,
        "longitudeE7" : 739725231,
        "placeId" : "ChIJxedldgizvzsRWfnD55ffCNY",
        "locationConfidence" : 4.437498
      }, {
        "latitudeE7" : 152631131,
        "longitudeE7" : 739759596,
        "placeId" : "ChIJy2vsFKKzvzsRdebuDfs3qcg",
        "locationConfidence" : 2.9891376
      }, {
        "latitudeE7" : 152635119,
        "longitudeE7" : 739748690,
        "placeId" : "ChIJGwzAUVyzvzsR9YVcSYsoA5w",
        "locationConfidence" : 2.8230608
      }, {
        "latitudeE7" : 152635374,
        "longitudeE7" : 739753092,
        "placeId" : "ChIJLxffef2zvzsRaFOpVShh4eQ",
        "locationConfidence" : 2.4651651
      }, {
        "latitudeE7" : 152612031,
        "longitudeE7" : 739754658,
        "placeId" : "ChIJ0-SoiJGzvzsRr2iV0hMn2tg",
        "locationConfidence" : 1.596833
      }, {
        "latitudeE7" : 152644907,
        "longitudeE7" : 739762678,
        "placeId" : "ChIJXfqxErazvzsRHMTgg1fVj6U",
        "locationConfidence" : 1.1565814
      } ],
      "editConfirmationStatus" : "NOT_CONFIRMED"
    }
  }, {
    "placeVisit" : {
      "location" : {
        "latitudeE7" : 152625275,
        "longitudeE7" : 739743940,
        "placeId" : "ChIJjco2_LazvzsRqkM2u1ayngU",
        "address" : "Sanscar Society\nMargao, Goa 403707",
        "name" : "403707",
        "sourceInfo" : {
          "deviceTag" : -1991925423
        },
        "locationConfidence" : 37.435715
      },
      "duration" : {
        "startTimestampMs" : "1599428224054",
        "endTimestampMs" : "1599474475483"
      },
      "placeConfidence" : "MEDIUM_CONFIDENCE",
      "centerLatE7" : 152632200,
      "centerLngE7" : 739743700,
      "visitConfidence" : 74,
      "otherCandidateLocations" : [ {
        "latitudeE7" : 152621965,
        "longitudeE7" : 739745712,
        "placeId" : "ChIJNUdp-7azvzsRiPY3_zAGr-c",
        "locationConfidence" : 34.612736
      }, {
        "latitudeE7" : 152622268,
        "longitudeE7" : 739725231,
        "placeId" : "ChIJxedldgizvzsRWfnD55ffCNY",
        "locationConfidence" : 6.678118
      }, {
        "latitudeE7" : 152631474,
        "longitudeE7" : 739758460,
        "placeId" : "ChIJX5U8yMizvzsRg46il7-rwy0",
        "locationConfidence" : 6.560585
      }, {
        "latitudeE7" : 152631131,
        "longitudeE7" : 739759596,
        "placeId" : "ChIJy2vsFKKzvzsRdebuDfs3qcg",
        "locationConfidence" : 3.3944778
      }, {
        "latitudeE7" : 152635119,
        "longitudeE7" : 739748690,
        "placeId" : "ChIJGwzAUVyzvzsR9YVcSYsoA5w",
        "locationConfidence" : 2.6102402
      }, {
        "latitudeE7" : 152635374,
        "longitudeE7" : 739753092,
        "placeId" : "ChIJLxffef2zvzsRaFOpVShh4eQ",
        "locationConfidence" : 2.1150064
      }, {
        "latitudeE7" : 152612031,
        "longitudeE7" : 739754658,
        "placeId" : "ChIJ0-SoiJGzvzsRr2iV0hMn2tg",
        "locationConfidence" : 2.0728192
      }, {
        "latitudeE7" : 152644907,
        "longitudeE7" : 739762678,
        "placeId" : "ChIJXfqxErazvzsRHMTgg1fVj6U",
        "locationConfidence" : 1.4847461
      }, {
        "latitudeE7" : 152630607,
        "longitudeE7" : 739759761,
        "placeId" : "ChIJA5vOB56zvzsRBMBpjvUcytk",
        "locationConfidence" : 1.2572416
      } ],
      "editConfirmationStatus" : "NOT_CONFIRMED"
    }
  }, {
    "activitySegment" : {
      "startLocation" : {
        "latitudeE7" : 152618289,
        "longitudeE7" : 739747994,
        "sourceInfo" : {
          "deviceTag" : -1991925423
        }
      },
      "endLocation" : {
        "latitudeE7" : 152703284,
        "longitudeE7" : 739910369,
        "sourceInfo" : {
          "deviceTag" : -1991925423
        }
      },
      "duration" : {
        "startTimestampMs" : "1599474475483",
        "endTimestampMs" : "1599475246263"
      },
      "distance" : 1981,
      "activityType" : "IN_PASSENGER_VEHICLE",
      "confidence" : "HIGH",
      "activities" : [ {
        "activityType" : "IN_PASSENGER_VEHICLE",
        "probability" : 77.72259712219238
      }, {
        "activityType" : "MOTORCYCLING",
        "probability" : 14.063183963298798
      }, {
        "activityType" : "WALKING",
        "probability" : 5.240647122263908
      }, {
        "activityType" : "STILL",
        "probability" : 1.4198974706232548
      }, {
        "activityType" : "CYCLING",
        "probability" : 0.768744945526123
      }, {
        "activityType" : "IN_BUS",
        "probability" : 0.3593635745346546
      }, {
        "activityType" : "RUNNING",
        "probability" : 0.17268522642552853
      }, {
        "activityType" : "FLYING",
        "probability" : 0.14246905921027064
      }, {
        "activityType" : "IN_FERRY",
        "probability" : 0.05584387108683586
      }, {
        "activityType" : "IN_TRAIN",
        "probability" : 0.03790547198150307
      }, {
        "activityType" : "IN_SUBWAY",
        "probability" : 0.006701186794089153
      }, {
        "activityType" : "SAILING",
        "probability" : 0.006360303814290091
      }, {
        "activityType" : "SKIING",
        "probability" : 0.0031364907044917345
      }, {
        "activityType" : "IN_TRAM",
        "probability" : 3.186529966114904E-4
      }, {
        "activityType" : "IN_VEHICLE",
        "probability" : 1.4588910062229843E-4
      } ],
      "waypointPath" : {
        "waypoints" : [ {
          "latE7" : 152617187,
          "lngE7" : 739749145
        }, {
          "latE7" : 152637653,
          "lngE7" : 739774246
        }, {
          "latE7" : 152703266,
          "lngE7" : 739909515
        } ]
      },
      "parkingEvent" : {
        "timestampMs" : "1599475156892",
        "location" : {
          "latitudeE7" : 152702661,
          "longitudeE7" : 739909130,
          "accuracyMetres" : 87
        }
      }
    }
  }, {
    "placeVisit" : {
      "location" : {
        "latitudeE7" : 152703268,
        "longitudeE7" : 739907391,
        "placeId" : "ChIJ_Uae8TayvzsRkjLr6fmz7WU",
        "address" : "Gogol Housing Board\nMargao, Goa 403601",
        "name" : "403601",
        "sourceInfo" : {
          "deviceTag" : -1991925423
        },
        "locationConfidence" : 58.105503
      },
      "duration" : {
        "startTimestampMs" : "1599475246263",
        "endTimestampMs" : "1599987128436"
      },
      "placeConfidence" : "MEDIUM_CONFIDENCE",
      "centerLatE7" : 152703308,
      "centerLngE7" : 739909960,
      "visitConfidence" : 87,
      "otherCandidateLocations" : [ {
        "latitudeE7" : 152703372,
        "longitudeE7" : 739912140,
        "placeId" : "ChIJj8BmYGqzvzsRZLyOgiRTEPk",
        "locationConfidence" : 21.841547
      }, {
        "latitudeE7" : 152702496,
        "longitudeE7" : 739909063,
        "placeId" : "ChIJVYrh8DayvzsRbPgGebcVI6w",
        "locationConfidence" : 4.244092
      }, {
        "latitudeE7" : 152701520,
        "longitudeE7" : 739913977,
        "placeId" : "ChIJvaXvQ5WzvzsR9dfADDdNEI0",
        "locationConfidence" : 4.218468
      }, {
        "latitudeE7" : 152698511,
        "longitudeE7" : 739918181,
        "placeId" : "ChIJAQAAADeyvzsRNyJSBIk9fnE",
        "locationConfidence" : 3.8371751
      }, {
        "latitudeE7" : 152713461,
        "longitudeE7" : 739887161,
        "placeId" : "ChIJt_eBoDayvzsRoUF20xOHBpk",
        "locationConfidence" : 3.705627
      }, {
        "latitudeE7" : 152722568,
        "longitudeE7" : 739907282,
        "placeId" : "ChIJ2wfLyDayvzsR_2xy-srOWPQ",
        "locationConfidence" : 1.4178951
      }, {
        "latitudeE7" : 152704744,
        "longitudeE7" : 739894646,
        "placeId" : "ChIJSeWRhTayvzsRhneMXMTe3wA",
        "locationConfidence" : 0.80999565
      }, {
        "latitudeE7" : 152700271,
        "longitudeE7" : 739905906,
        "placeId" : "ChIJQ2zhQuWzvzsR0ic_AUCrrqc",
        "locationConfidence" : 0.6194564
      }, {
        "latitudeE7" : 152699422,
        "longitudeE7" : 739908229,
        "placeId" : "ChIJJQdn2FSzvzsRbBtmIOKf2vk",
        "locationConfidence" : 0.5952804
      } ],
      "editConfirmationStatus" : "NOT_CONFIRMED"
    }
  }, {
    "activitySegment" : {
      "startLocation" : {
        "latitudeE7" : 152703208,
        "longitudeE7" : 739910239,
        "sourceInfo" : {
          "deviceTag" : -1991925423
        }
      },
      "endLocation" : {
        "latitudeE7" : 152620427,
        "longitudeE7" : 739747383,
        "sourceInfo" : {
          "deviceTag" : -1991925423
        }
      },
      "duration" : {
        "startTimestampMs" : "1599987128436",
        "endTimestampMs" : "1600008593310"
      },
      "distance" : 1974,
      "activityType" : "IN_PASSENGER_VEHICLE",
      "confidence" : "LOW",
      "activities" : [ {
        "activityType" : "IN_PASSENGER_VEHICLE",
        "probability" : 40.642595291137695
      }, {
        "activityType" : "STILL",
        "probability" : 27.28250026702881
      }, {
        "activityType" : "MOTORCYCLING",
        "probability" : 27.148789167404175
      }, {
        "activityType" : "WALKING",
        "probability" : 3.695530444383621
      }, {
        "activityType" : "CYCLING",
        "probability" : 0.43531274423003197
      }, {
        "activityType" : "IN_BUS",
        "probability" : 0.31272757332772017
      }, {
        "activityType" : "IN_FERRY",
        "probability" : 0.1855777925811708
      }, {
        "activityType" : "FLYING",
        "probability" : 0.11003355029970407
      }, {
        "activityType" : "RUNNING",
        "probability" : 0.09564417414367199
      }, {
        "activityType" : "SKIING",
        "probability" : 0.0419327785493806
      }, {
        "activityType" : "SAILING",
        "probability" : 0.029928050935268402
      }, {
        "activityType" : "IN_TRAIN",
        "probability" : 0.011313097638776526
      }, {
        "activityType" : "IN_SUBWAY",
        "probability" : 0.0074472976848483086
      }, {
        "activityType" : "IN_VEHICLE",
        "probability" : 4.03221019951161E-4
      }, {
        "activityType" : "IN_TRAM",
        "probability" : 2.668273054950987E-4
      } ],
      "waypointPath" : {
        "waypoints" : [ {
          "latE7" : 152703189,
          "lngE7" : 739909515
        }, {
          "latE7" : 152716226,
          "lngE7" : 739786224
        }, {
          "latE7" : 152617988,
          "lngE7" : 739749984
        } ]
      },
      "parkingEvent" : {
        "timestampMs" : "1600008594707",
        "location" : {
          "latitudeE7" : 152703187,
          "longitudeE7" : 739910236,
          "accuracyMetres" : 88
        }
      }
    }
  }, {
    "placeVisit" : {
      "location" : {
        "latitudeE7" : 152631474,
        "longitudeE7" : 739758460,
        "placeId" : "ChIJX5U8yMizvzsRg46il7-rwy0",
        "address" : "355/1 Aquem Madgaon Road. Near Madgaon\nFire Station Rd\nSanscar Society\nGoa, 403601\nIndia",
        "name" : "OYO 11950 Relax Holiday Home",
        "sourceInfo" : {
          "deviceTag" : -1991925423
        },
        "locationConfidence" : 12.723291
      },
      "duration" : {
        "startTimestampMs" : "1600008593310",
        "endTimestampMs" : "1600044522717"
      },
      "placeConfidence" : "LOW_CONFIDENCE",
      "centerLatE7" : 152623867,
      "centerLngE7" : 739746100,
      "visitConfidence" : 59,
      "otherCandidateLocations" : [ {
        "latitudeE7" : 152623234,
        "longitudeE7" : 739743195,
        "placeId" : "ChIJjco2_LazvzsRqkM2u1ayngU",
        "locationConfidence" : 8.891087
      }, {
        "latitudeE7" : 152621965,
        "longitudeE7" : 739745712,
        "placeId" : "ChIJNUdp-7azvzsRiPY3_zAGr-c",
        "locationConfidence" : 7.405357
      }, {
        "latitudeE7" : 152622268,
        "longitudeE7" : 739725231,
        "placeId" : "ChIJxedldgizvzsRWfnD55ffCNY",
        "locationConfidence" : 6.6369014
      }, {
        "latitudeE7" : 152572459,
        "longitudeE7" : 739731618,
        "placeId" : "ChIJFcRr9rCzvzsRKRJZsMtZRmY",
        "locationConfidence" : 4.7435627
      }, {
        "latitudeE7" : 152640433,
        "longitudeE7" : 739755308,
        "placeId" : "ChIJO2FA37WzvzsRSvSaVPOm4eo",
        "locationConfidence" : 4.522936
      }, {
        "latitudeE7" : 152567921,
        "longitudeE7" : 739740295,
        "placeId" : "ChIJ_ddwU7CzvzsRf8xy-PHh1NY",
        "locationConfidence" : 4.138023
      }, {
        "latitudeE7" : 152591954,
        "longitudeE7" : 739702048,
        "placeId" : "ChIJ6ebHDjWzvzsRkjm49T7KZvo",
        "locationConfidence" : 3.5063758
      }, {
        "latitudeE7" : 152631131,
        "longitudeE7" : 739759596,
        "placeId" : "ChIJy2vsFKKzvzsRdebuDfs3qcg",
        "locationConfidence" : 2.1518652
      }, {
        "latitudeE7" : 152566220,
        "longitudeE7" : 739705457,
        "placeId" : "ChIJJ0YEhrqzvzsREVXAuHOl8Ic",
        "locationConfidence" : 2.1392918
      } ],
      "editConfirmationStatus" : "NOT_CONFIRMED"
    }
  }, {
    "activitySegment" : {
      "startLocation" : {
        "latitudeE7" : 152630801,
        "longitudeE7" : 739743710,
        "sourceInfo" : {
          "deviceTag" : -1991925423
        }
      },
      "endLocation" : {
        "latitudeE7" : 187134361,
        "longitudeE7" : 736464464,
        "sourceInfo" : {
          "deviceTag" : -1991925423
        }
      },
      "duration" : {
        "startTimestampMs" : "1600044522717",
        "endTimestampMs" : "1600080033627"
      },
      "distance" : 167554,
      "activityType" : "IN_PASSENGER_VEHICLE",
      "confidence" : "HIGH",
      "activities" : [ {
        "activityType" : "IN_PASSENGER_VEHICLE",
        "probability" : 84.5455527305603
      }, {
        "activityType" : "IN_BUS",
        "probability" : 7.078877836465836
      }, {
        "activityType" : "STILL",
        "probability" : 4.556972160935402
      }, {
        "activityType" : "MOTORCYCLING",
        "probability" : 2.585652470588684
      }, {
        "activityType" : "WALKING",
        "probability" : 0.77697210945189
      }, {
        "activityType" : "IN_FERRY",
        "probability" : 0.1738374587148428
      }, {
        "activityType" : "FLYING",
        "probability" : 0.14843805693089962
      }, {
        "activityType" : "CYCLING",
        "probability" : 0.06970010581426322
      }, {
        "activityType" : "IN_TRAIN",
        "probability" : 0.02559774147812277
      }, {
        "activityType" : "RUNNING",
        "probability" : 0.015904814063105732
      }, {
        "activityType" : "SKIING",
        "probability" : 0.010328013013349846
      }, {
        "activityType" : "SAILING",
        "probability" : 0.005659933958668262
      }, {
        "activityType" : "IN_SUBWAY",
        "probability" : 0.0050696642574621364
      }, {
        "activityType" : "IN_TRAM",
        "probability" : 8.342151886608917E-4
      }, {
        "activityType" : "IN_VEHICLE",
        "probability" : 5.986665200907737E-4
      } ],
      "waypointPath" : {
        "waypoints" : [ {
          "latE7" : 152626390,
          "lngE7" : 739744338
        }, {
          "latE7" : 158190097,
          "lngE7" : 744929656
        }, {
          "latE7" : 158689031,
          "lngE7" : 745076370
        }, {
          "latE7" : 164341487,
          "lngE7" : 743646545
        }, {
          "latE7" : 171650238,
          "lngE7" : 740420227
        }, {
          "latE7" : 174453411,
          "lngE7" : 740925140
        }, {
          "latE7" : 187135257,
          "lngE7" : 736464920
        } ]
      },
      "simplifiedRawPath" : {
        "points" : [ {
          "latE7" : 158688707,
          "lngE7" : 745073624,
          "timestampMs" : "1600060147100",
          "accuracyMeters" : 92
        }, {
          "latE7" : 171646957,
          "lngE7" : 740422134,
          "timestampMs" : "1600066000606",
          "accuracyMeters" : 72
        } ]
      },
      "parkingEvent" : {
        "timestampMs" : "1600080278261",
        "location" : {
          "latitudeE7" : 187138142,
          "longitudeE7" : 736458795,
          "accuracyMetres" : 91
        }
      }
    }
  }, {
    "placeVisit" : {
      "location" : {
        "latitudeE7" : 187139424,
        "longitudeE7" : 736458756,
        "placeId" : "ChIJH5JXkiOuwjsRuhKt874pwpE",
        "address" : "Mumbai - Pune Expy\nUrse, Maharashtra 410506\nIndia",
        "name" : "Talegaon Toll Plaza",
        "sourceInfo" : {
          "deviceTag" : -1991925423
        },
        "locationConfidence" : 98.39686
      },
      "duration" : {
        "startTimestampMs" : "1600080033627",
        "endTimestampMs" : "1600080400237"
      },
      "placeConfidence" : "HIGH_CONFIDENCE",
      "centerLatE7" : 187137825,
      "centerLngE7" : 736460075,
      "visitConfidence" : 95,
      "otherCandidateLocations" : [ {
        "latitudeE7" : 187140110,
        "longitudeE7" : 736459780,
        "placeId" : "ChIJy8337SOuwjsRbLfeHabHgZo",
        "locationConfidence" : 0.42095995
      }, {
        "latitudeE7" : 187125855,
        "longitudeE7" : 736481287,
        "placeId" : "ChIJCZ3JriauwjsRkNaCQpnM980",
        "locationConfidence" : 0.22838613
      }, {
        "latitudeE7" : 187125988,
        "longitudeE7" : 736418349,
        "placeId" : "ChIJg37MqjyuwjsRh9LsqRUhRjI",
        "locationConfidence" : 0.06525262
      }, {
        "latitudeE7" : 187140898,
        "longitudeE7" : 736446502,
        "placeId" : "ChIJv7AidSOuwjsRY_kCGzc3Z30",
        "locationConfidence" : 0.039381765
      } ],
      "editConfirmationStatus" : "NOT_CONFIRMED"
    }
  }, {
    "activitySegment" : {
      "startLocation" : {
        "latitudeE7" : 187138103,
        "longitudeE7" : 736458802,
        "sourceInfo" : {
          "deviceTag" : -1991925423
        }
      },
      "endLocation" : {
        "latitudeE7" : 191186748,
        "longitudeE7" : 730065428,
        "sourceInfo" : {
          "deviceTag" : -1991925423
        }
      },
      "duration" : {
        "startTimestampMs" : "1600080400237",
        "endTimestampMs" : "1600086727844"
      },
      "distance" : 82541,
      "activityType" : "IN_PASSENGER_VEHICLE",
      "confidence" : "LOW",
      "activities" : [ {
        "activityType" : "IN_PASSENGER_VEHICLE",
        "probability" : 59.39398407936096
      }, {
        "activityType" : "IN_BUS",
        "probability" : 25.010833144187927
      }, {
        "activityType" : "STILL",
        "probability" : 12.833939492702484
      }, {
        "activityType" : "MOTORCYCLING",
        "probability" : 1.5561699867248535
      }, {
        "activityType" : "IN_TRAIN",
        "probability" : 0.5002272315323353
      }, {
        "activityType" : "WALKING",
        "probability" : 0.4251779057085514
      }, {
        "activityType" : "CYCLING",
        "probability" : 0.0778890389483422
      }, {
        "activityType" : "FLYING",
        "probability" : 0.07599015953019261
      }, {
        "activityType" : "IN_SUBWAY",
        "probability" : 0.06453043315559626
      }, {
        "activityType" : "IN_FERRY",
        "probability" : 0.046020784066058695
      }, {
        "activityType" : "RUNNING",
        "probability" : 0.006542736082337797
      }, {
        "activityType" : "IN_TRAM",
        "probability" : 0.004976790660293773
      }, {
        "activityType" : "SKIING",
        "probability" : 0.0029180097044445574
      }, {
        "activityType" : "SAILING",
        "probability" : 4.15937529396615E-4
      }, {
        "activityType" : "IN_VEHICLE",
        "probability" : 3.864343852910679E-4
      } ],
      "waypointPath" : {
        "waypoints" : [ {
          "latE7" : 187137966,
          "lngE7" : 736458740
        }, {
          "latE7" : 187640666,
          "lngE7" : 733538284
        }, {
          "latE7" : 191187019,
          "lngE7" : 730066146
        } ]
      },
      "parkingEvent" : {
        "timestampMs" : "1600086866523",
        "location" : {
          "latitudeE7" : 191179131,
          "longitudeE7" : 730063630,
          "accuracyMetres" : 160
        }
      }
    }
  }, {
    "placeVisit" : {
      "location" : {
        "latitudeE7" : 191163225,
        "longitudeE7" : 730070271,
        "placeId" : "ChIJhz-jQ8bA5zsRkZoQpb9q_5A",
        "address" : "Sector 3\n5/6, Santoshi Mata Mandir Marg\nReliance Corporate Park, MIDC Industrial Area, Ghansoli\nNavi Mumbai, Maharashtra 400701\nIndia",
        "name" : "Ghansoli",
        "sourceInfo" : {
          "deviceTag" : -1991925423
        },
        "locationConfidence" : 79.37882
      },
      "duration" : {
        "startTimestampMs" : "1600086727844",
        "endTimestampMs" : "1600087329666"
      },
      "placeConfidence" : "MEDIUM_CONFIDENCE",
      "centerLatE7" : 191180917,
      "centerLngE7" : 730057700,
      "visitConfidence" : 80,
      "otherCandidateLocations" : [ {
        "latitudeE7" : 191164380,
        "longitudeE7" : 730052650,
        "placeId" : "ChIJv8asJ8bA5zsRFXSaIuSAtMk",
        "locationConfidence" : 4.6678953
      }, {
        "latitudeE7" : 191183464,
        "longitudeE7" : 730065017,
        "placeId" : "ChIJY3Z5x8fA5zsRNLbHl7WyL4s",
        "locationConfidence" : 1.520766
      }, {
        "latitudeE7" : 191163740,
        "longitudeE7" : 730082140,
        "placeId" : "ChIJXQSDX8bA5zsR7oKuRmi6PCo",
        "locationConfidence" : 0.95221
      }, {
        "latitudeE7" : 191184379,
        "longitudeE7" : 730054385,
        "placeId" : "ChIJV1Ou3sfA5zsRk8REBNckrec",
        "locationConfidence" : 0.5149458
      } ],
      "editConfirmationStatus" : "NOT_CONFIRMED"
    }
  }, {
    "activitySegment" : {
      "startLocation" : {
        "latitudeE7" : 191180463,
        "longitudeE7" : 730049252,
        "sourceInfo" : {
          "deviceTag" : -1991925423
        }
      },
      "endLocation" : {
        "latitudeE7" : 191696168,
        "longitudeE7" : 728807680,
        "sourceInfo" : {
          "deviceTag" : -1991925423
        }
      },
      "duration" : {
        "startTimestampMs" : "1600087329666",
        "endTimestampMs" : "1600095281024"
      },
      "distance" : 14247,
      "activityType" : "IN_PASSENGER_VEHICLE",
      "confidence" : "MEDIUM",
      "activities" : [ {
        "activityType" : "IN_PASSENGER_VEHICLE",
        "probability" : 74.4316577911377
      }, {
        "activityType" : "IN_TRAIN",
        "probability" : 8.03728774189949
      }, {
        "activityType" : "IN_BUS",
        "probability" : 6.771697849035263
      }, {
        "activityType" : "STILL",
        "probability" : 3.882342576980591
      }, {
        "activityType" : "MOTORCYCLING",
        "probability" : 3.3716175705194473
      }, {
        "activityType" : "WALKING",
        "probability" : 1.7616940662264824
      }, {
        "activityType" : "IN_SUBWAY",
        "probability" : 0.6180085241794586
      }, {
        "activityType" : "FLYING",
        "probability" : 0.5061985924839973
      }, {
        "activityType" : "CYCLING",
        "probability" : 0.39605326019227505
      }, {
        "activityType" : "IN_FERRY",
        "probability" : 0.18563438206911087
      }, {
        "activityType" : "IN_TRAM",
        "probability" : 0.02778031339403242
      }, {
        "activityType" : "RUNNING",
        "probability" : 0.00785424854257144
      }, {
        "activityType" : "SAILING",
        "probability" : 0.0013405974641500507
      }, {
        "activityType" : "IN_VEHICLE",
        "probability" : 4.3475579332152847E-4
      }, {
        "activityType" : "SKIING",
        "probability" : 3.9990086406760383E-4
      } ],
      "parkingEvent" : {
        "timestampMs" : "1600095281024",
        "location" : {
          "latitudeE7" : 191696168,
          "longitudeE7" : 728807680,
          "accuracyMetres" : 160,
          "sourceInfo" : {
            "deviceTag" : -1991925423
          }
        }
      }
    }
  }, {
    "placeVisit" : {
      "location" : {
        "latitudeE7" : 191694495,
        "longitudeE7" : 728808509,
        "placeId" : "ChIJUWnNfJm35zsR4cDvFxe8nJ8",
        "address" : "6-C\nIGIDR, Nagri Niwara Cooperative Housing Society, Goregaon\nMumbai, Maharashtra 400065\nIndia",
        "name" : "Lilly Building",
        "sourceInfo" : {
          "deviceTag" : -1991925423
        },
        "locationConfidence" : 63.357777
      },
      "duration" : {
        "startTimestampMs" : "1600095281024",
        "endTimestampMs" : "1600575183930"
      },
      "placeConfidence" : "MEDIUM_CONFIDENCE",
      "centerLatE7" : 191694375,
      "centerLngE7" : 728809718,
      "visitConfidence" : 84,
      "otherCandidateLocations" : [ {
        "latitudeE7" : 191695614,
        "longitudeE7" : 728809662,
        "placeId" : "ChIJK-G8YZm35zsR4XugwvjVB8c",
        "locationConfidence" : 28.994804
      }, {
        "latitudeE7" : 191719589,
        "longitudeE7" : 728807167,
        "placeId" : "ChIJj4WdCe-35zsR4Pc2c6laoIU",
        "locationConfidence" : 2.1563644
      }, {
        "latitudeE7" : 191692026,
        "longitudeE7" : 728806937,
        "placeId" : "ChIJrzKJe5m35zsRnc5VCdsz_EY",
        "semanticType" : "TYPE_SEARCHED_ADDRESS",
        "locationConfidence" : 1.1267596
      }, {
        "latitudeE7" : 191692026,
        "longitudeE7" : 728806937,
        "placeId" : "ChIJrzKJe5m35zsRu35CbcW14C0",
        "locationConfidence" : 0.8873334
      }, {
        "latitudeE7" : 191689400,
        "longitudeE7" : 728811450,
        "placeId" : "ChIJ_TV21Zu35zsR6M0hMMBsErI",
        "locationConfidence" : 0.7019039
      }, {
        "latitudeE7" : 191723540,
        "longitudeE7" : 728809820,
        "placeId" : "ChIJnUREgJ635zsRlAlpsnDUgWw",
        "locationConfidence" : 0.70040965
      }, {
        "latitudeE7" : 191690580,
        "longitudeE7" : 728811430,
        "placeId" : "ChIJpd-3Ic635zsRhnfPH38rzy8",
        "locationConfidence" : 0.5741365
      } ],
      "editConfirmationStatus" : "NOT_CONFIRMED"
    }
  }, {
    "activitySegment" : {
      "startLocation" : {
        "latitudeE7" : 191697682,
        "longitudeE7" : 728812732,
        "sourceInfo" : {
          "deviceTag" : -1991925423
        }
      },
      "endLocation" : {
        "latitudeE7" : 190387109,
        "longitudeE7" : 728776487,
        "sourceInfo" : {
          "deviceTag" : -1991925423
        }
      },
      "duration" : {
        "startTimestampMs" : "1600575183930",
        "endTimestampMs" : "1600579051839"
      },
      "distance" : 19766,
      "activityType" : "IN_PASSENGER_VEHICLE",
      "confidence" : "HIGH",
      "activities" : [ {
        "activityType" : "IN_PASSENGER_VEHICLE",
        "probability" : 94.25341486930847
      }, {
        "activityType" : "IN_BUS",
        "probability" : 2.2504961118102074
      }, {
        "activityType" : "MOTORCYCLING",
        "probability" : 1.3585404492914677
      }, {
        "activityType" : "WALKING",
        "probability" : 0.9777851402759552
      }, {
        "activityType" : "STILL",
        "probability" : 0.5591015331447124
      }, {
        "activityType" : "FLYING",
        "probability" : 0.26932808104902506
      }, {
        "activityType" : "IN_FERRY",
        "probability" : 0.13143810210749507
      }, {
        "activityType" : "IN_TRAIN",
        "probability" : 0.11855449993163347
      }, {
        "activityType" : "CYCLING",
        "probability" : 0.052401027642190456
      }, {
        "activityType" : "IN_SUBWAY",
        "probability" : 0.014011793246027082
      }, {
        "activityType" : "RUNNING",
        "probability" : 0.00937288423301652
      }, {
        "activityType" : "SAILING",
        "probability" : 0.002386813321209047
      }, {
        "activityType" : "SKIING",
        "probability" : 0.001705478825897444
      }, {
        "activityType" : "IN_TRAM",
        "probability" : 0.0010879567525989842
      }, {
        "activityType" : "IN_VEHICLE",
        "probability" : 3.775565801333869E-4
      } ],
      "waypointPath" : {
        "waypoints" : [ {
          "latE7" : 191697120,
          "lngE7" : 728812713
        }, {
          "latE7" : 191703071,
          "lngE7" : 728813476
        }, {
          "latE7" : 191723346,
          "lngE7" : 728820877
        }, {
          "latE7" : 191490173,
          "lngE7" : 728564147
        }, {
          "latE7" : 191368522,
          "lngE7" : 728560028
        }, {
          "latE7" : 190993976,
          "lngE7" : 728541564
        }, {
          "latE7" : 190451221,
          "lngE7" : 728453598
        }, {
          "latE7" : 190422687,
          "lngE7" : 728493270
        }, {
          "latE7" : 190395240,
          "lngE7" : 728517456
        }, {
          "latE7" : 190361080,
          "lngE7" : 728579025
        }, {
          "latE7" : 190386981,
          "lngE7" : 728774795
        } ]
      },
      "simplifiedRawPath" : {
        "points" : [ {
          "latE7" : 191721497,
          "lngE7" : 728823929,
          "timestampMs" : "1600575332984",
          "accuracyMeters" : 68
        }, {
          "latE7" : 191371956,
          "lngE7" : 728563690,
          "timestampMs" : "1600575941828",
          "accuracyMeters" : 92
        }, {
          "latE7" : 190449963,
          "lngE7" : 728453979,
          "timestampMs" : "1600577026227",
          "accuracyMeters" : 31
        }, {
          "latE7" : 190399113,
          "lngE7" : 728513718,
          "timestampMs" : "1600577166443",
          "accuracyMeters" : 76
        } ]
      },
      "parkingEvent" : {
        "timestampMs" : "1600579201673",
        "location" : {
          "latitudeE7" : 190387112,
          "longitudeE7" : 728776389,
          "accuracyMetres" : 85
        }
      }
    }
  }, {
    "placeVisit" : {
      "location" : {
        "latitudeE7" : 190372959,
        "longitudeE7" : 728787100,
        "placeId" : "ChIJjxV0CLzP5zsRRQxosrVQIHU",
        "name" : "Lodha New Cuffe Parade (Lodha NCP) Estrilla",
        "sourceInfo" : {
          "deviceTag" : -1991925423
        },
        "locationConfidence" : 90.08619
      },
      "duration" : {
        "startTimestampMs" : "1600579051839",
        "endTimestampMs" : "1600590699999"
      },
      "placeConfidence" : "MEDIUM_CONFIDENCE",
      "centerLatE7" : 190388000,
      "centerLngE7" : 728775556,
      "visitConfidence" : 87,
      "otherCandidateLocations" : [ {
        "latitudeE7" : 190389895,
        "longitudeE7" : 728786315,
        "placeId" : "ChIJjwNQoiHP5zsR_eB0Dq7bG8s",
        "locationConfidence" : 0.7485135
      }, {
        "latitudeE7" : 190383474,
        "longitudeE7" : 728773952,
        "placeId" : "ChIJHcqq2krP5zsRTUCNBSXvr2o",
        "locationConfidence" : 0.6195829
      }, {
        "latitudeE7" : 190396496,
        "longitudeE7" : 728759170,
        "placeId" : "ChIJ7e5ftMrI5zsRlw_bPBK4K58",
        "locationConfidence" : 0.5025862
      }, {
        "latitudeE7" : 190379985,
        "longitudeE7" : 728778958,
        "placeId" : "ChIJVxLQsrzP5zsRfuglai8l9Ic",
        "locationConfidence" : 0.4687504
      } ],
      "editConfirmationStatus" : "NOT_CONFIRMED"
    }
  }, {
    "activitySegment" : {
      "startLocation" : {
        "latitudeE7" : 190381035,
        "longitudeE7" : 728784633,
        "sourceInfo" : {
          "deviceTag" : -1991925423
        }
      },
      "endLocation" : {
        "latitudeE7" : 191694273,
        "longitudeE7" : 728808966,
        "sourceInfo" : {
          "deviceTag" : -1991925423
        }
      },
      "duration" : {
        "startTimestampMs" : "1600590699999",
        "endTimestampMs" : "1600594600413"
      },
      "distance" : 19327,
      "activityType" : "IN_PASSENGER_VEHICLE",
      "confidence" : "MEDIUM",
      "activities" : [ {
        "activityType" : "IN_PASSENGER_VEHICLE",
        "probability" : 61.91304326057434
      }, {
        "activityType" : "IN_BUS",
        "probability" : 23.110178112983704
      }, {
        "activityType" : "MOTORCYCLING",
        "probability" : 5.554656684398651
      }, {
        "activityType" : "STILL",
        "probability" : 5.528667569160461
      }, {
        "activityType" : "WALKING",
        "probability" : 2.883688174188137
      }, {
        "activityType" : "FLYING",
        "probability" : 0.450383173301816
      }, {
        "activityType" : "IN_TRAIN",
        "probability" : 0.17746470402926207
      }, {
        "activityType" : "IN_FERRY",
        "probability" : 0.1359309535473585
      }, {
        "activityType" : "IN_SUBWAY",
        "probability" : 0.10595190105959773
      }, {
        "activityType" : "CYCLING",
        "probability" : 0.09602273930795491
      }, {
        "activityType" : "SKIING",
        "probability" : 0.01945765980053693
      }, {
        "activityType" : "RUNNING",
        "probability" : 0.016633646737318486
      }, {
        "activityType" : "SAILING",
        "probability" : 0.0030123666874715127
      }, {
        "activityType" : "IN_VEHICLE",
        "probability" : 0.0028082422431907617
      }, {
        "activityType" : "IN_TRAM",
        "probability" : 0.0020933734049322084
      } ],
      "waypointPath" : {
        "waypoints" : [ {
          "latE7" : 190379848,
          "lngE7" : 728775482
        }, {
          "latE7" : 190515842,
          "lngE7" : 728774337
        }, {
          "latE7" : 190651569,
          "lngE7" : 728523788
        }, {
          "latE7" : 191341686,
          "lngE7" : 728550643
        }, {
          "latE7" : 191695652,
          "lngE7" : 728808898
        } ]
      },
      "simplifiedRawPath" : {
        "points" : [ {
          "latE7" : 190653419,
          "lngE7" : 728523636,
          "timestampMs" : "1600591600221",
          "accuracyMeters" : 27
        } ]
      },
      "parkingEvent" : {
        "timestampMs" : "1600594720526",
        "location" : {
          "latitudeE7" : 191692791,
          "longitudeE7" : 728810500,
          "accuracyMetres" : 88
        }
      }
    }
  }, {
    "placeVisit" : {
      "location" : {
        "latitudeE7" : 191694495,
        "longitudeE7" : 728808509,
        "placeId" : "ChIJUWnNfJm35zsR4cDvFxe8nJ8",
        "address" : "6-C\nIGIDR, Nagri Niwara Cooperative Housing Society, Goregaon\nMumbai, Maharashtra 400065\nIndia",
        "name" : "Lilly Building",
        "sourceInfo" : {
          "deviceTag" : -1991925423
        },
        "locationConfidence" : 60.483925
      },
      "duration" : {
        "startTimestampMs" : "1600594600413",
        "endTimestampMs" : "1600744329831"
      },
      "placeConfidence" : "MEDIUM_CONFIDENCE",
      "centerLatE7" : 191693550,
      "centerLngE7" : 728810150,
      "visitConfidence" : 90,
      "otherCandidateLocations" : [ {
        "latitudeE7" : 191695614,
        "longitudeE7" : 728809662,
        "placeId" : "ChIJK-G8YZm35zsR4XugwvjVB8c",
        "locationConfidence" : 35.068695
      }, {
        "latitudeE7" : 191692026,
        "longitudeE7" : 728806937,
        "placeId" : "ChIJrzKJe5m35zsRnc5VCdsz_EY",
        "semanticType" : "TYPE_SEARCHED_ADDRESS",
        "locationConfidence" : 1.4028895
      }, {
        "latitudeE7" : 191689400,
        "longitudeE7" : 728811450,
        "placeId" : "ChIJ_TV21Zu35zsR6M0hMMBsErI",
        "locationConfidence" : 0.9343857
      }, {
        "latitudeE7" : 191692026,
        "longitudeE7" : 728806937,
        "placeId" : "ChIJrzKJe5m35zsRu35CbcW14C0",
        "locationConfidence" : 0.7675311
      }, {
        "latitudeE7" : 191690580,
        "longitudeE7" : 728811430,
        "placeId" : "ChIJpd-3Ic635zsRhnfPH38rzy8",
        "locationConfidence" : 0.69233334
      } ],
      "editConfirmationStatus" : "NOT_CONFIRMED"
    }
  }, {
    "placeVisit" : {
      "location" : {
        "latitudeE7" : 191719589,
        "longitudeE7" : 728807167,
        "placeId" : "ChIJj4WdCe-35zsR4Pc2c6laoIU",
        "address" : "Nagari Niwara Parishad Rd\nopposite NNP Bungalows\nNNP Colony, Nagri Niwara Cooperative Housing Society, Goregaon\nMumbai, Maharashtra 400065\nIndia",
        "name" : "Mantri Serene Housing Soceity Limited",
        "sourceInfo" : {
          "deviceTag" : -1991925423
        },
        "locationConfidence" : 24.202288
      },
      "duration" : {
        "startTimestampMs" : "1600744329831",
        "endTimestampMs" : "1600782254753"
      },
      "placeConfidence" : "LOW_CONFIDENCE",
      "centerLatE7" : 191723567,
      "centerLngE7" : 728805300,
      "visitConfidence" : 88,
      "otherCandidateLocations" : [ {
        "latitudeE7" : 191723540,
        "longitudeE7" : 728809820,
        "placeId" : "ChIJnUREgJ635zsRlAlpsnDUgWw",
        "locationConfidence" : 20.008717
      }, {
        "latitudeE7" : 191699280,
        "longitudeE7" : 728809540,
        "placeId" : "ChIJK-G8YZm35zsR4XugwvjVB8c",
        "locationConfidence" : 13.314056
      }, {
        "latitudeE7" : 191723610,
        "longitudeE7" : 728800100,
        "placeId" : "ChIJobN5vp635zsR-JhtEaBgx8w",
        "locationConfidence" : 3.9102495
      }, {
        "latitudeE7" : 191699730,
        "longitudeE7" : 728813090,
        "placeId" : "ChIJM9Xh3pu35zsRLvm3WkgkaKQ",
        "locationConfidence" : 1.5312252
      }, {
        "latitudeE7" : 191694495,
        "longitudeE7" : 728808509,
        "placeId" : "ChIJUWnNfJm35zsR4cDvFxe8nJ8",
        "locationConfidence" : 0.8542398
      }, {
        "latitudeE7" : 191689400,
        "longitudeE7" : 728811450,
        "placeId" : "ChIJ_TV21Zu35zsR6M0hMMBsErI",
        "locationConfidence" : 0.7913053
      }, {
        "latitudeE7" : 192288092,
        "longitudeE7" : 729181784,
        "placeId" : "ChIJnz0di8iw5zsRz-Ko2mndITY",
        "locationConfidence" : 0.7645191
      }, {
        "latitudeE7" : 191724190,
        "longitudeE7" : 728807970,
        "placeId" : "ChIJZ_XgpZ635zsRXhnQMOJhxTk",
        "locationConfidence" : 0.70192236
      }, {
        "latitudeE7" : 191722035,
        "longitudeE7" : 728798541,
        "placeId" : "ChIJDdHJsJ635zsRBgdZBO2mwtw",
        "locationConfidence" : 0.6216193
      } ],
      "editConfirmationStatus" : "NOT_CONFIRMED"
    }
  }, {
    "placeVisit" : {
      "location" : {
        "latitudeE7" : 191699280,
        "longitudeE7" : 728809540,
        "placeId" : "ChIJK-G8YZm35zsR4XugwvjVB8c",
        "address" : "6B\nKrishna Society, Nagri Niwara Cooperative Housing Society, Goregaon\nMumbai, Maharashtra 400065\nIndia",
        "name" : "6B",
        "sourceInfo" : {
          "deviceTag" : -1991925423
        },
        "locationConfidence" : 43.8655
      },
      "duration" : {
        "startTimestampMs" : "1600782254753",
        "endTimestampMs" : "1601087047109"
      },
      "placeConfidence" : "MEDIUM_CONFIDENCE",
      "centerLatE7" : 191693387,
      "centerLngE7" : 728809997,
      "visitConfidence" : 84,
      "otherCandidateLocations" : [ {
        "latitudeE7" : 191694495,
        "longitudeE7" : 728808509,
        "placeId" : "ChIJUWnNfJm35zsR4cDvFxe8nJ8",
        "locationConfidence" : 23.599594
      }, {
        "latitudeE7" : 191719589,
        "longitudeE7" : 728807167,
        "placeId" : "ChIJj4WdCe-35zsR4Pc2c6laoIU",
        "locationConfidence" : 11.735601
      }, {
        "latitudeE7" : 191723540,
        "longitudeE7" : 728809820,
        "placeId" : "ChIJnUREgJ635zsRlAlpsnDUgWw",
        "locationConfidence" : 10.200451
      }, {
        "latitudeE7" : 191723610,
        "longitudeE7" : 728800100,
        "placeId" : "ChIJobN5vp635zsR-JhtEaBgx8w",
        "locationConfidence" : 2.163388
      }, {
        "latitudeE7" : 191722035,
        "longitudeE7" : 728798541,
        "placeId" : "ChIJDdHJsJ635zsRBgdZBO2mwtw",
        "locationConfidence" : 1.5679625
      }, {
        "latitudeE7" : 191689400,
        "longitudeE7" : 728811450,
        "placeId" : "ChIJ_TV21Zu35zsR6M0hMMBsErI",
        "locationConfidence" : 1.0958192
      }, {
        "latitudeE7" : 191692026,
        "longitudeE7" : 728806937,
        "placeId" : "ChIJrzKJe5m35zsRnc5VCdsz_EY",
        "semanticType" : "TYPE_SEARCHED_ADDRESS",
        "locationConfidence" : 0.93120104
      }, {
        "latitudeE7" : 191699730,
        "longitudeE7" : 728813090,
        "placeId" : "ChIJM9Xh3pu35zsRLvm3WkgkaKQ",
        "locationConfidence" : 0.8093523
      }, {
        "latitudeE7" : 191692026,
        "longitudeE7" : 728806937,
        "placeId" : "ChIJrzKJe5m35zsRu35CbcW14C0",
        "locationConfidence" : 0.60530424
      } ],
      "editConfirmationStatus" : "NOT_CONFIRMED"
    }
  }, {
    "activitySegment" : {
      "startLocation" : {
        "latitudeE7" : 191693361,
        "longitudeE7" : 728810434,
        "sourceInfo" : {
          "deviceTag" : -1991925423
        }
      },
      "endLocation" : {
        "latitudeE7" : 191729454,
        "longitudeE7" : 728816396,
        "sourceInfo" : {
          "deviceTag" : -1991925423
        }
      },
      "duration" : {
        "startTimestampMs" : "1601087047109",
        "endTimestampMs" : "1601089964885"
      },
      "distance" : 406,
      "activityType" : "WALKING",
      "confidence" : "LOW",
      "activities" : [ {
        "activityType" : "WALKING",
        "probability" : 55.21707534790039
      }, {
        "activityType" : "IN_BUS",
        "probability" : 14.003869891166687
      }, {
        "activityType" : "IN_PASSENGER_VEHICLE",
        "probability" : 11.56127005815506
      }, {
        "activityType" : "STILL",
        "probability" : 10.827480256557465
      }, {
        "activityType" : "MOTORCYCLING",
        "probability" : 3.9604272693395615
      }, {
        "activityType" : "CYCLING",
        "probability" : 2.5333838537335396
      }, {
        "activityType" : "RUNNING",
        "probability" : 0.6131180562078953
      }, {
        "activityType" : "IN_FERRY",
        "probability" : 0.5374608095735312
      }, {
        "activityType" : "IN_SUBWAY",
        "probability" : 0.26434881146997213
      }, {
        "activityType" : "FLYING",
        "probability" : 0.22933096624910831
      }, {
        "activityType" : "IN_TRAIN",
        "probability" : 0.2055217046290636
      }, {
        "activityType" : "IN_TRAM",
        "probability" : 0.02375505428062752
      }, {
        "activityType" : "SAILING",
        "probability" : 0.01805394422262907
      }, {
        "activityType" : "SKIING",
        "probability" : 0.0033747135603334755
      }, {
        "activityType" : "IN_VEHICLE",
        "probability" : 0.0015227192307065707
      } ],
      "waypointPath" : {
        "waypoints" : [ {
          "latE7" : 191693496,
          "lngE7" : 728810043
        }, {
          "latE7" : 191727466,
          "lngE7" : 728789749
        }, {
          "latE7" : 191726894,
          "lngE7" : 728783187
        } ]
      }
    }
  }, {
    "placeVisit" : {
      "location" : {
        "latitudeE7" : 191723540,
        "longitudeE7" : 728809820,
        "placeId" : "ChIJnUREgJ635zsRlAlpsnDUgWw",
        "address" : "NNP Colony, Nagri Niwara Cooperative Housing Society, Goregaon\nMumbai, Maharashtra 400065\nIndia",
        "name" : "Nagari Niwara Zone 1 & 2 Gate",
        "sourceInfo" : {
          "deviceTag" : -1991925423
        },
        "locationConfidence" : 26.476501
      },
      "duration" : {
        "startTimestampMs" : "1601089964885",
        "endTimestampMs" : "1601108465853"
      },
      "placeConfidence" : "LOW_CONFIDENCE",
      "centerLatE7" : 191721100,
      "centerLngE7" : 728810833,
      "visitConfidence" : 86,
      "otherCandidateLocations" : [ {
        "latitudeE7" : 191719589,
        "longitudeE7" : 728807167,
        "placeId" : "ChIJj4WdCe-35zsR4Pc2c6laoIU",
        "locationConfidence" : 19.1383
      }, {
        "latitudeE7" : 191695614,
        "longitudeE7" : 728809662,
        "placeId" : "ChIJK-G8YZm35zsR4XugwvjVB8c",
        "locationConfidence" : 11.378405
      }, {
        "latitudeE7" : 191723610,
        "longitudeE7" : 728800100,
        "placeId" : "ChIJobN5vp635zsR-JhtEaBgx8w",
        "locationConfidence" : 5.21037
      }, {
        "latitudeE7" : 191694495,
        "longitudeE7" : 728808509,
        "placeId" : "ChIJUWnNfJm35zsR4cDvFxe8nJ8",
        "locationConfidence" : 3.8404088
      }, {
        "latitudeE7" : 191699730,
        "longitudeE7" : 728813090,
        "placeId" : "ChIJM9Xh3pu35zsRLvm3WkgkaKQ",
        "locationConfidence" : 1.2413394
      }, {
        "latitudeE7" : 191724190,
        "longitudeE7" : 728807970,
        "placeId" : "ChIJZ_XgpZ635zsRXhnQMOJhxTk",
        "locationConfidence" : 1.1362184
      }, {
        "latitudeE7" : 191722035,
        "longitudeE7" : 728798541,
        "placeId" : "ChIJDdHJsJ635zsRBgdZBO2mwtw",
        "locationConfidence" : 1.0661113
      }, {
        "latitudeE7" : 191689400,
        "longitudeE7" : 728811450,
        "placeId" : "ChIJ_TV21Zu35zsR6M0hMMBsErI",
        "locationConfidence" : 0.9584684
      }, {
        "latitudeE7" : 191732020,
        "longitudeE7" : 728795970,
        "placeId" : "ChIJx4pL65635zsR3RXiR2CNNb8",
        "locationConfidence" : 0.8663591
      } ],
      "editConfirmationStatus" : "NOT_CONFIRMED",
      "simplifiedRawPath" : {
        "points" : [ {
          "latE7" : 191729454,
          "lngE7" : 728816396,
          "timestampMs" : "1601089964885",
          "accuracyMeters" : 500
        }, {
          "latE7" : 191728396,
          "lngE7" : 728805320,
          "timestampMs" : "1601090903472",
          "accuracyMeters" : 500
        }, {
          "latE7" : 191711134,
          "lngE7" : 728812704,
          "timestampMs" : "1601092613646",
          "accuracyMeters" : 500
        }, {
          "latE7" : 191721209,
          "lngE7" : 728805320,
          "timestampMs" : "1601092916236",
          "accuracyMeters" : 500
        }, {
          "latE7" : 191724802,
          "lngE7" : 728805320,
          "timestampMs" : "1601105873960",
          "accuracyMeters" : 100
        }, {
          "latE7" : 191728396,
          "lngE7" : 728805320,
          "timestampMs" : "1601106267074",
          "accuracyMeters" : 500
        }, {
          "latE7" : 191721209,
          "lngE7" : 728805320,
          "timestampMs" : "1601106881467",
          "accuracyMeters" : 500
        }, {
          "latE7" : 191728396,
          "lngE7" : 728805320,
          "timestampMs" : "1601107784909",
          "accuracyMeters" : 500
        } ]
      }
    }
  }, {
    "activitySegment" : {
      "startLocation" : {
        "latitudeE7" : 191721209,
        "longitudeE7" : 728805320,
        "sourceInfo" : {
          "deviceTag" : -1991925423
        }
      },
      "endLocation" : {
        "latitudeE7" : 191693565,
        "longitudeE7" : 728809926,
        "sourceInfo" : {
          "deviceTag" : -1991925423
        }
      },
      "duration" : {
        "startTimestampMs" : "1601108465853",
        "endTimestampMs" : "1601108943908"
      },
      "distance" : 311,
      "activityType" : "WALKING",
      "confidence" : "MEDIUM",
      "activities" : [ {
        "activityType" : "WALKING",
        "probability" : 73.56269359588623
      }, {
        "activityType" : "IN_PASSENGER_VEHICLE",
        "probability" : 14.145828783512115
      }, {
        "activityType" : "IN_BUS",
        "probability" : 4.559421539306641
      }, {
        "activityType" : "STILL",
        "probability" : 3.251767158508301
      }, {
        "activityType" : "MOTORCYCLING",
        "probability" : 2.703298442065716
      }, {
        "activityType" : "CYCLING",
        "probability" : 0.8622828871011734
      }, {
        "activityType" : "RUNNING",
        "probability" : 0.46514924615621567
      }, {
        "activityType" : "IN_FERRY",
        "probability" : 0.2428238745778799
      }, {
        "activityType" : "FLYING",
        "probability" : 0.0881030224263668
      }, {
        "activityType" : "IN_SUBWAY",
        "probability" : 0.05909801693633199
      }, {
        "activityType" : "IN_TRAIN",
        "probability" : 0.04279052373021841
      }, {
        "activityType" : "SAILING",
        "probability" : 0.009205184323946014
      }, {
        "activityType" : "IN_TRAM",
        "probability" : 0.004790759703610092
      }, {
        "activityType" : "SKIING",
        "probability" : 0.0019742252334253863
      }, {
        "activityType" : "IN_VEHICLE",
        "probability" : 7.69147663959302E-4
      } ],
      "waypointPath" : {
        "waypoints" : [ {
          "latE7" : 191721191,
          "lngE7" : 728805694
        }, {
          "latE7" : 191696281,
          "lngE7" : 728813629
        }, {
          "latE7" : 191693515,
          "lngE7" : 728810043
        } ]
      }
    }
  }, {
    "placeVisit" : {
      "location" : {
        "latitudeE7" : 191699280,
        "longitudeE7" : 728809540,
        "placeId" : "ChIJK-G8YZm35zsR4XugwvjVB8c",
        "address" : "6B\nKrishna Society, Nagri Niwara Cooperative Housing Society, Goregaon\nMumbai, Maharashtra 400065\nIndia",
        "name" : "6B",
        "sourceInfo" : {
          "deviceTag" : -1991925423
        },
        "locationConfidence" : 38.26091
      },
      "duration" : {
        "startTimestampMs" : "1601108943908",
        "endTimestampMs" : "1601408156595"
      },
      "placeConfidence" : "MEDIUM_CONFIDENCE",
      "centerLatE7" : 191693678,
      "centerLngE7" : 728810252,
      "visitConfidence" : 85,
      "otherCandidateLocations" : [ {
        "latitudeE7" : 191694495,
        "longitudeE7" : 728808509,
        "placeId" : "ChIJUWnNfJm35zsR4cDvFxe8nJ8",
        "locationConfidence" : 27.43382
      }, {
        "latitudeE7" : 191719589,
        "longitudeE7" : 728807167,
        "placeId" : "ChIJj4WdCe-35zsR4Pc2c6laoIU",
        "locationConfidence" : 11.881054
      }, {
        "latitudeE7" : 191723540,
        "longitudeE7" : 728809820,
        "placeId" : "ChIJnUREgJ635zsRlAlpsnDUgWw",
        "locationConfidence" : 10.76253
      }, {
        "latitudeE7" : 191723610,
        "longitudeE7" : 728800100,
        "placeId" : "ChIJobN5vp635zsR-JhtEaBgx8w",
        "locationConfidence" : 1.9498639
      }, {
        "latitudeE7" : 191692026,
        "longitudeE7" : 728806937,
        "placeId" : "ChIJrzKJe5m35zsRnc5VCdsz_EY",
        "semanticType" : "TYPE_SEARCHED_ADDRESS",
        "locationConfidence" : 1.5807956
      }, {
        "latitudeE7" : 191722035,
        "longitudeE7" : 728798541,
        "placeId" : "ChIJDdHJsJ635zsRBgdZBO2mwtw",
        "locationConfidence" : 1.180254
      }, {
        "latitudeE7" : 191689400,
        "longitudeE7" : 728811450,
        "placeId" : "ChIJ_TV21Zu35zsR6M0hMMBsErI",
        "locationConfidence" : 1.0742428
      }, {
        "latitudeE7" : 191747129,
        "longitudeE7" : 728796986,
        "placeId" : "ChIJIwa2YJ635zsREUXKxc2NeHM",
        "locationConfidence" : 1.0457969
      }, {
        "latitudeE7" : 191700480,
        "longitudeE7" : 728814730,
        "placeId" : "ChIJhT8l2pu35zsRauKh_2LTtyI",
        "locationConfidence" : 0.8661018
      } ],
      "editConfirmationStatus" : "NOT_CONFIRMED"
    }
  }, {
    "placeVisit" : {
      "location" : {
        "latitudeE7" : 191694495,
        "longitudeE7" : 728808509,
        "placeId" : "ChIJUWnNfJm35zsR4cDvFxe8nJ8",
        "address" : "6-C\nIGIDR, Nagri Niwara Cooperative Housing Society, Goregaon\nMumbai, Maharashtra 400065\nIndia",
        "name" : "Lilly Building",
        "sourceInfo" : {
          "deviceTag" : -1991925423
        },
        "locationConfidence" : 25.372044
      },
      "duration" : {
        "startTimestampMs" : "1601408156595",
        "endTimestampMs" : "1601452438178"
      },
      "placeConfidence" : "LOW_CONFIDENCE",
      "centerLatE7" : 191723480,
      "centerLngE7" : 728806780,
      "visitConfidence" : 87,
      "otherCandidateLocations" : [ {
        "latitudeE7" : 191699280,
        "longitudeE7" : 728809540,
        "placeId" : "ChIJK-G8YZm35zsR4XugwvjVB8c",
        "locationConfidence" : 22.015709
      }, {
        "latitudeE7" : 191723540,
        "longitudeE7" : 728809820,
        "placeId" : "ChIJnUREgJ635zsRlAlpsnDUgWw",
        "locationConfidence" : 21.501083
      }, {
        "latitudeE7" : 191719589,
        "longitudeE7" : 728807167,
        "placeId" : "ChIJj4WdCe-35zsR4Pc2c6laoIU",
        "locationConfidence" : 21.090178
      }, {
        "latitudeE7" : 191723610,
        "longitudeE7" : 728800100,
        "placeId" : "ChIJobN5vp635zsR-JhtEaBgx8w",
        "locationConfidence" : 3.0639336
      }, {
        "latitudeE7" : 191722035,
        "longitudeE7" : 728798541,
        "placeId" : "ChIJDdHJsJ635zsRBgdZBO2mwtw",
        "locationConfidence" : 1.2242749
      }, {
        "latitudeE7" : 191699730,
        "longitudeE7" : 728813090,
        "placeId" : "ChIJM9Xh3pu35zsRLvm3WkgkaKQ",
        "locationConfidence" : 1.0016208
      }, {
        "latitudeE7" : 191692026,
        "longitudeE7" : 728806937,
        "placeId" : "ChIJrzKJe5m35zsRnc5VCdsz_EY",
        "locationConfidence" : 0.7642302
      }, {
        "latitudeE7" : 191724190,
        "longitudeE7" : 728807970,
        "placeId" : "ChIJZ_XgpZ635zsRXhnQMOJhxTk",
        "locationConfidence" : 0.67470044
      }, {
        "latitudeE7" : 191700480,
        "longitudeE7" : 728814730,
        "placeId" : "ChIJhT8l2pu35zsRauKh_2LTtyI",
        "locationConfidence" : 0.5875084
      } ],
      "editConfirmationStatus" : "NOT_CONFIRMED"
    }
  }, {
    "placeVisit" : {
      "location" : {
        "latitudeE7" : 191699280,
        "longitudeE7" : 728809540,
        "placeId" : "ChIJK-G8YZm35zsR4XugwvjVB8c",
        "address" : "6B\nKrishna Society, Nagri Niwara Cooperative Housing Society, Goregaon\nMumbai, Maharashtra 400065\nIndia",
        "name" : "6B",
        "sourceInfo" : {
          "deviceTag" : -1991925423
        },
        "locationConfidence" : 47.845566
      },
      "duration" : {
        "startTimestampMs" : "1601452438178",
        "endTimestampMs" : "1601537872972"
      },
      "placeConfidence" : "MEDIUM_CONFIDENCE",
      "centerLatE7" : 191693877,
      "centerLngE7" : 728809865,
      "visitConfidence" : 88,
      "otherCandidateLocations" : [ {
        "latitudeE7" : 191694495,
        "longitudeE7" : 728808509,
        "placeId" : "ChIJUWnNfJm35zsR4cDvFxe8nJ8",
        "locationConfidence" : 39.372738
      }, {
        "latitudeE7" : 191723540,
        "longitudeE7" : 728809820,
        "placeId" : "ChIJnUREgJ635zsRlAlpsnDUgWw",
        "locationConfidence" : 3.7485008
      }, {
        "latitudeE7" : 191719589,
        "longitudeE7" : 728807167,
        "placeId" : "ChIJj4WdCe-35zsR4Pc2c6laoIU",
        "locationConfidence" : 2.1245382
      }, {
        "latitudeE7" : 191692026,
        "longitudeE7" : 728806937,
        "placeId" : "ChIJrzKJe5m35zsRnc5VCdsz_EY",
        "semanticType" : "TYPE_SEARCHED_ADDRESS",
        "locationConfidence" : 0.9894606
      }, {
        "latitudeE7" : 191700480,
        "longitudeE7" : 728814730,
        "placeId" : "ChIJhT8l2pu35zsRauKh_2LTtyI",
        "locationConfidence" : 0.7794937
      }, {
        "latitudeE7" : 191723610,
        "longitudeE7" : 728800100,
        "placeId" : "ChIJobN5vp635zsR-JhtEaBgx8w",
        "locationConfidence" : 0.7651051
      } ],
      "editConfirmationStatus" : "NOT_CONFIRMED"
    }
  } ]
}