{
  "timelineObjects" : [ {
    "placeVisit" : {
      "location" : {
        "latitudeE7" : 190254602,
        "longitudeE7" : 728535772,
        "placeId" : "ChIJE6l6eSjP5zsRaKVBghIThMU",
        "address" : "323-D\nNarayan Niwas\nDr Baba Saheb Ambedkar Rd\nMatunga Central Railway Workshop, Matunga\nMumbai, Maharashtra 400019\nIndia",
        "name" : "Lions Club of East Bombay Clinic & Multi Diagnostic Centre",
        "locationConfidence" : 100.0
      },
      "duration" : {
        "startTimestampMs" : "1554445974013",
        "endTimestampMs" : "1554446034013"
      },
      "placeConfidence" : "USER_CONFIRMED",
      "visitConfidence" : 100,
      "editConfirmationStatus" : "CONFIRMED"
    }
  } ]
}